{"loss":{"0":11.7200679779,"1":10.4802694321,"2":10.1779527664,"3":9.638674736,"4":9.5355625153,"5":9.0954914093,"6":9.4090452194,"7":9.0549821854,"8":9.0188398361,"9":8.7101755142,"10":9.1794185638,"11":8.9657659531,"12":8.5101118088,"13":8.9216108322,"14":8.7747783661,"15":8.8225650787,"16":8.6810560226,"17":8.4463453293,"18":8.5546913147,"19":8.5298805237,"20":8.3399791718,"21":8.3576231003,"22":8.4034872055,"23":8.5584659576,"24":8.8066005707,"25":8.6135635376,"26":8.3632068634,"27":8.22539711,"28":8.0017652512,"29":8.052570343,"30":8.2630090714,"31":8.0910282135,"32":8.4664354324,"33":8.1414680481,"34":8.1385469437,"35":8.112241745,"36":7.9717645645,"37":8.2980108261,"38":8.1899499893,"39":8.1633052826,"40":8.3505029678,"41":8.0469465256,"42":8.230512619,"43":7.9865336418,"44":7.9763493538,"45":8.0914258957,"46":8.2692670822,"47":7.6403656006,"48":8.1456718445,"49":7.9158859253,"50":8.3314085007,"51":7.9566941261,"52":7.9309902191,"53":8.1784944534,"54":8.2875518799,"55":8.0019378662,"56":8.1161060333,"57":7.9695649147,"58":7.8113327026,"59":8.208650589,"60":7.8414387703,"61":8.1283960342,"62":7.9426021576,"63":7.9753627777,"64":7.9299383163,"65":8.0598773956,"66":7.7626085281,"67":8.1372127533,"68":8.0116271973,"69":7.8271636963,"70":7.785161972,"71":7.7186508179,"72":7.6688337326,"73":7.8969240189,"74":7.9218397141,"75":7.824359417,"76":7.7621097565,"77":7.9061694145,"78":7.8988771439,"79":7.9092540741,"80":7.8543405533,"81":8.0373916626,"82":7.8332118988,"83":7.7944602966,"84":8.0438051224,"85":7.9317584038,"86":7.857175827,"87":7.8277506828,"88":7.8701095581,"89":8.0247650146,"90":7.8215641975,"91":8.0055198669,"92":7.7695183754,"93":7.7788562775,"94":7.8619389534,"95":7.8038015366,"96":7.8031778336,"97":7.7043933868,"98":7.588124752,"99":7.6489257812},"PSNR":{"0":26.2900981903,"1":26.7281684875,"2":27.2214031219,"3":28.5797405243,"4":27.5925731659,"5":29.2267341614,"6":28.1174926758,"7":29.0880966187,"8":29.2386722565,"9":29.2848091125,"10":29.0751895905,"11":29.3591537476,"12":29.689250946,"13":28.8227920532,"14":30.2571640015,"15":28.670211792,"16":30.1669425964,"17":30.1713848114,"18":28.7005329132,"19":30.4425811768,"20":30.6493186951,"21":30.8920555115,"22":30.0738258362,"23":29.2822971344,"24":29.3951339722,"25":29.3221416473,"26":30.0320930481,"27":30.1937713623,"28":31.0706195831,"29":29.9944400787,"30":30.3839302063,"31":28.6470394135,"32":29.6114559174,"33":31.5866527557,"34":29.6884078979,"35":29.5619678497,"36":31.6272945404,"37":30.2419281006,"38":31.5807056427,"39":30.5539913177,"40":30.7843036652,"41":31.7822208405,"42":29.8616523743,"43":29.8193206787,"44":31.2134895325,"45":30.4558830261,"46":30.4830989838,"47":30.5280818939,"48":30.5072193146,"49":32.865234375,"50":31.0686149597,"51":30.8161640167,"52":31.7506370544,"53":29.9517993927,"54":29.8489055634,"55":32.0592384338,"56":30.8437786102,"57":32.0558624268,"58":32.0591239929,"59":29.7772655487,"60":31.1083126068,"61":31.2130222321,"62":31.59633255,"63":31.4862442017,"64":31.0798625946,"65":29.6960716248,"66":31.6542434692,"67":30.0135746002,"68":29.6380710602,"69":32.0331535339,"70":31.4362468719,"71":32.3290290833,"72":31.3034229279,"73":31.0023269653,"74":31.8501148224,"75":30.6764087677,"76":31.9499053955,"77":31.3004150391,"78":32.7253341675,"79":32.5564498901,"80":30.9556694031,"81":31.9435577393,"82":32.9458503723,"83":30.0637550354,"84":30.8451633453,"85":31.1529560089,"86":31.3007049561,"87":31.2168197632,"88":32.0324478149,"89":32.5674629211,"90":31.6338787079,"91":32.270740509,"92":31.1261367798,"93":31.7476119995,"94":31.3174495697,"95":32.6659011841,"96":32.5439491272,"97":32.0944252014,"98":30.5148582458,"99":32.4692268372},"val_loss":{"0":10.8254346848,"1":9.6484203339,"2":9.5017194748,"3":8.2351694107,"4":10.2712192535,"5":8.7772789001,"6":8.4891262054,"7":8.0567941666,"8":8.998623848,"9":8.8041229248,"10":8.2664346695,"11":7.7925786972,"12":8.4559011459,"13":8.4445123672,"14":8.8603639603,"15":8.9928750992,"16":7.4999470711,"17":8.3498411179,"18":8.9636249542,"19":6.99700737,"20":7.2859187126,"21":8.246014595,"22":7.6380720139,"23":8.6509971619,"24":7.8844547272,"25":8.0423021317,"26":7.9451003075,"27":7.7854261398,"28":6.9902148247,"29":8.1301326752,"30":7.5795440674,"31":7.6155543327,"32":7.7668457031,"33":7.2438764572,"34":7.7005476952,"35":7.8090724945,"36":7.6923279762,"37":7.8266887665,"38":7.8352308273,"39":7.9864654541,"40":7.3484959602,"41":7.4108524323,"42":7.5802569389,"43":7.5185394287,"44":7.480047226,"45":7.5096473694,"46":7.131611824,"47":6.6206007004,"48":6.8211755753,"49":7.9986701012,"50":7.0701885223,"51":7.3036570549,"52":7.49725914,"53":7.64646101,"54":7.5228700638,"55":7.094584465,"56":7.7178730965,"57":7.7130885124,"58":8.1890621185,"59":7.2843079567,"60":7.5591206551,"61":7.1958675385,"62":7.3658380508,"63":7.0939135551,"64":6.7116613388,"65":6.645318985,"66":7.4937286377,"67":7.3425354958,"68":6.6634864807,"69":7.1237010956,"70":7.5295500755,"71":7.038795948,"72":6.4062943459,"73":7.9822301865,"74":7.5033216476,"75":7.3560166359,"76":6.5028643608,"77":7.0976653099,"78":7.1168584824,"79":7.4114747047,"80":6.8853831291,"81":7.3331203461,"82":6.6589164734,"83":7.4506573677,"84":8.2204170227,"85":7.8934254646,"86":7.845993042,"87":6.8383870125,"88":7.7169423103,"89":7.6290850639,"90":7.1556839943,"91":7.5888957977,"92":7.0004377365,"93":8.1380186081,"94":8.1565732956,"95":7.0219488144,"96":7.0221018791,"97":7.2617497444,"98":7.5098829269,"99":7.0578436852},"val_PSNR":{"0":26.2987995148,"1":27.3492774963,"2":27.380027771,"3":28.1593265533,"4":26.574716568,"5":28.665769577,"6":28.2810134888,"7":29.1732463837,"8":28.6464233398,"9":27.9598064423,"10":28.7432785034,"11":29.3318805695,"12":28.6031513214,"13":28.9156303406,"14":27.8978557587,"15":28.1022701263,"16":29.6958847046,"17":28.6748332977,"18":28.3746109009,"19":30.3799057007,"20":30.0336589813,"21":28.9148921967,"22":29.7338638306,"23":28.6089038849,"24":29.4757881165,"25":29.6898441315,"26":29.7347431183,"27":29.3788948059,"28":30.5364151001,"29":29.5812206268,"30":30.3167057037,"31":30.4458198547,"32":29.5898456573,"33":30.2413387299,"34":30.1898536682,"35":29.8775539398,"36":30.2053775787,"37":29.3502197266,"38":29.2446746826,"39":30.5235099792,"40":30.4108085632,"41":30.5139522552,"42":30.4044628143,"43":29.8485183716,"44":30.200756073,"45":30.3157730103,"46":30.5466575623,"47":30.9030227661,"48":31.1220283508,"49":30.0369319916,"50":31.0121746063,"51":31.4270267487,"52":29.6807079315,"53":30.4319553375,"54":30.3714504242,"55":30.5358085632,"56":30.1820964813,"57":31.690952301,"58":29.4922657013,"59":30.2751464844,"60":30.7891311646,"61":31.0164680481,"62":30.7860622406,"63":30.9832649231,"64":31.4043045044,"65":31.758562088,"66":30.3546772003,"67":30.7583389282,"68":31.6638259888,"69":31.1401519775,"70":30.3022460938,"71":31.006652832,"72":31.4908866882,"73":30.0820293427,"74":30.6248264313,"75":30.5851593018,"76":32.0694465637,"77":31.2127685547,"78":30.6649856567,"79":30.9875221252,"80":31.3024234772,"81":30.5608863831,"82":31.4634056091,"83":30.7147293091,"84":29.5690040588,"85":30.7450904846,"86":30.2719364166,"87":31.35455513,"88":30.3102092743,"89":31.1144161224,"90":31.3742084503,"91":30.8942070007,"92":30.9380397797,"93":30.6282329559,"94":29.1758708954,"95":30.9970321655,"96":31.1516113281,"97":31.1776199341,"98":30.5697040558,"99":31.4411334991},"lr":{"0":0.0003,"1":0.0003,"2":0.0003,"3":0.0003,"4":0.0003,"5":0.0003,"6":0.0003,"7":0.0003,"8":0.0003,"9":0.0003,"10":0.0003,"11":0.0003,"12":0.0003,"13":0.0003,"14":0.0003,"15":0.0003,"16":0.0003,"17":0.0003,"18":0.0003,"19":0.0003,"20":0.0003,"21":0.0003,"22":0.0003,"23":0.0003,"24":0.0003,"25":0.0003,"26":0.0003,"27":0.0003,"28":0.0002714512,"29":0.0002714512,"30":0.0002714512,"31":0.0002714512,"32":0.0002714512,"33":0.0002714512,"34":0.0002714512,"35":0.0002714512,"36":0.0002714512,"37":0.0002456192,"38":0.0002456192,"39":0.0002456192,"40":0.0002456192,"41":0.0002456192,"42":0.0002456192,"43":0.0002456192,