{"loss":{"0":119.7788543701,"1":10.525270462,"2":8.6056880951,"3":8.1045160294,"4":6.4939579964,"5":6.6284093857,"6":6.2333989143,"7":5.7171487808,"8":5.5302600861,"9":5.4159736633,"10":5.4608602524,"11":5.0748710632,"12":5.101246357,"13":5.0995817184,"14":5.0658383369,"15":4.9490427971,"16":4.918197155,"17":4.6681671143,"18":4.8007111549,"19":4.8192896843,"20":4.634437561,"21":4.6408424377,"22":4.5552682877,"23":4.7697505951,"24":4.6114044189,"25":4.6255888939,"26":4.6584677696,"27":4.6756653786,"28":4.4925427437,"29":4.4705533981,"30":4.6195888519,"31":4.3483319283,"32":4.5395607948,"33":4.3174514771,"34":4.5508937836,"35":4.4037737846,"36":4.3843379021,"37":4.3965086937,"38":4.5036301613,"39":4.3370790482,"40":4.3354058266,"41":4.264400959,"42":4.3095426559,"43":4.4324793816,"44":4.3670883179,"45":4.2805075645,"46":4.5275521278,"47":4.267039299,"48":4.2390499115,"49":4.2780308723},"PSNR":{"0":18.6027126312,"1":26.6526985168,"2":28.9151554108,"3":29.5498104095,"4":30.43592453,"5":31.7248020172,"6":32.0274162292,"7":33.0272598267,"8":34.0746421814,"9":33.6245803833,"10":32.7936553955,"11":34.034286499,"12":34.5818862915,"13":34.2645149231,"14":33.6345977783,"15":35.1175537109,"16":34.7542228699,"17":35.607749939,"18":35.238445282,"19":35.3077545166,"20":35.7125816345,"21":35.366569519,"22":35.1307678223,"23":36.8487052917,"24":35.5840835571,"25":36.5154647827,"26":36.1910629272,"27":35.862865448,"28":36.5193099976,"29":36.2326774597,"30":34.9002952576,"31":35.4755363464,"32":35.3893470764,"33":36.1110038757,"34":36.5676498413,"35":36.0902099609,"36":36.0738868713,"37":36.1810302734,"38":35.4107551575,"39":36.448299408,"40":35.685256958,"41":35.6766166687,"42":36.4154167175,"43":35.6998329163,"44":35.8899040222,"45":36.06042099,"46":36.2593536377,"47":34.8216323853,"48":36.4345397949,"49":36.9687423706},"val_loss":{"0":7.2020759583,"1":3.6270320415,"2":6.3570818901,"3":2.7128245831,"4":2.4657466412,"5":2.5366997719,"6":1.6810654402,"7":1.6000584364,"8":1.5821611881,"9":1.9366710186,"10":1.4669374228,"11":1.5479620695,"12":1.5338027477,"13":1.6305469275,"14":1.5333346128,"15":1.4221849442,"16":1.3582193851,"17":1.2560995817,"18":1.5292354822,"19":1.2490408421,"20":1.5937591791,"21":1.6507214308,"22":1.274335742,"23":1.3745429516,"24":1.2303167582,"25":1.2639288902,"26":1.2267136574,"27":1.2969394922,"28":1.226385951,"29":1.1897931099,"30":1.3262761831,"31":1.2810741663,"32":1.3264805079,"33":1.2254817486,"34":1.5265566111,"35":1.4070193768,"36":1.1772400141,"37":1.2594791651,"38":1.1689728498,"39":1.4473190308,"40":1.3201158047,"41":1.6174652576,"42":1.2827802896,"43":1.2721204758,"44":1.2105455399,"45":1.1597242355,"46":1.2313855886,"47":1.3014971018,"48":1.2910429239,"49":1.1787834167},"val_PSNR":{"0":28.1461658478,"1":33.303894043,"2":30.5027542114,"3":36.7035713196,"4":37.4900627136,"5":37.4947738647,"6":40.0412445068,"7":40.3508720398,"8":40.4546966553,"9":39.502204895,"10":41.0701942444,"11":40.7955780029,"12":40.9253997803,"13":40.625831604,"14":40.9577560425,"15":41.4300842285,"16":41.6943206787,"17":41.9779510498,"18":41.05210495,"19":42.0304946899,"20":41.0822181702,"21":40.729675293,"22":41.9988479614,"23":41.5816841125,"24":42.192653656,"25":42.0554962158,"26":42.2335128784,"27":42.0291442871,"28":42.2454071045,"29":42.3776130676,"30":41.9869613647,"31":42.1329345703,"32":41.9717407227,"33":42.2514839172,"34":41.2232933044,"35":41.6173477173,"36":42.4723548889,"37":42.262752533,"38":42.4995498657,"39":41.582233429,"40":42.0267105103,"41":40.7600288391,"42":42.2146606445,"43":42.2593078613,"44":42.4670829773,"45":42.5837898254,"46":42.4301986694,"47":42.0687332153,"48":42.1810646057,"49":42.5498313904},"lr":{"0":0.001,"1":0.001,"2":0.001,"3":0.001,"4":0.001,"5":0.001,"6":0.001,"7":0.001,"8":0.001,"9":0.001,"10":0.001,"11":0.001,"12":0.001,"13":0.001,"14":0.0009048374,"15":0.0009048374,"16":0.0009048374,"17":0.0009048374,"18":0.0009048374,"19":0.0009048374,"20":0.0009048374,"21":0.0009048374,"22":0.0009048374,"23":0.0008187308,"24":0.0008187308,"25":0.0008187308,"26":0.0008187308,"27":0.0008187308,"28":0.0008187308,"29":0.0008187308,"30":0.0008187308,"31":0.0008187308,"32":0.0008187308,"33":0.0007408183,"34":0.0007408183,"35":0.0007408183,"36":0.0006703201,"37":0.0006703201,"38":0.0006703201,"39":0.0006703201,"40":0.0006703201,"41":0.0006703201,"42":0.0006065308,"43":0.0006065308,"44":0.0006065308,"45":0.0005488117,"46":0.0005488117,"47":0.0005488117,"48":0.0005488117,"49":0.0004965854}}