{"loss":{"0":415075.03125,"1":1724.4844970703,"2":1261.259765625,"3":997.1862182617,"4":918.9915771484,"5":794.1010742188,"6":697.4696044922,"7":660.6206054688,"8":610.8404541016,"9":565.7122192383,"10":549.5814208984,"11":505.222076416,"12":481.011932373,"13":462.9116516113,"14":437.4344482422,"15":484.5480651855,"16":430.4313354492,"17":420.4439697266,"18":419.8530578613,"19":378.3937072754,"20":393.0937194824,"21":375.6669311523,"22":374.6069030762,"23":355.3250732422,"24":350.9441223145,"25":359.356628418,"26":325.6624755859,"27":332.3609619141,"28":320.8729553223,"29":347.1353759766,"30":309.3658447266,"31":313.8465576172,"32":336.8694458008,"33":300.1374816895,"34":299.4815673828,"35":297.8767089844,"36":299.2357177734,"37":278.3260803223,"38":306.776550293,"39":289.5888671875,"40":268.9537353516,"41":293.2412414551,"42":290.6553649902,"43":273.4673156738,"44":294.0866394043,"45":285.3471374512,"46":266.6246948242,"47":276.4202270508,"48":268.6282043457,"49":269.427947998},"PSNR":{"0":10.691532135,"1":17.4966583252,"2":18.8144283295,"3":20.0777931213,"4":20.1505489349,"5":21.0549087524,"6":22.1601810455,"7":21.7724246979,"8":22.5318946838,"9":23.4946994781,"10":23.0638008118,"11":23.8059444427,"12":23.7765655518,"13":23.9048728943,"14":24.2624778748,"15":24.0448551178,"16":24.338218689,"17":24.2497653961,"18":25.3120918274,"19":25.2369441986,"20":25.4291229248,"21":25.9722900391,"22":25.8257198334,"23":26.4671268463,"24":25.977678299,"25":25.9818496704,"26":26.8527164459,"27":26.2262248993,"28":26.6386547089,"29":26.5605545044,"30":27.5827693939,"31":27.6109027863,"32":26.4128742218,"33":26.062707901,"34":26.5928230286,"35":27.1332130432,"36":27.4902667999,"37":27.0257472992,"38":28.0311450958,"39":27.2308673859,"40":28.3903560638,"41":28.8991012573,"42":27.3900203705,"43":27.9499416351,"44":27.3676204681,"45":28.5387554169,"46":28.8907108307,"47":28.8254413605,"48":27.8612499237,"49":28.218837738},"val_loss":{"0":1993.2805175781,"1":1402.5881347656,"2":1199.2459716797,"3":973.8741455078,"4":848.7103881836,"5":782.8088378906,"6":710.6566162109,"7":736.2235107422,"8":614.8936767578,"9":589.6080322266,"10":569.573059082,"11":515.0309448242,"12":505.6055908203,"13":475.3917541504,"14":511.0448913574,"15":500.5862121582,"16":433.5683898926,"17":452.2199401855,"18":412.830078125,"19":403.218963623,"20":387.1237487793,"21":385.0875244141,"22":398.7726745605,"23":372.6987915039,"24":389.0198974609,"25":363.4419250488,"26":351.9801635742,"27":347.1289367676,"28":341.9329833984,"29":340.6899719238,"30":350.3519592285,"31":361.3704833984,"32":377.1037902832,"33":329.7032165527,"34":327.0690917969,"35":320.1032104492,"36":316.5787353516,"37":332.7012023926,"38":325.9982299805,"39":309.402130127,"40":305.5805053711,"41":342.5184020996,"42":299.0741271973,"43":316.650970459,"44":310.9915466309,"45":302.5684814453,"46":308.5920410156,"47":304.6238098145,"48":294.846282959,"49":297.8985900879},"val_PSNR":{"0":15.1351203918,"1":16.6615028381,"2":17.3417224884,"3":18.2457733154,"4":18.843208313,"5":19.1942462921,"6":19.6142063141,"7":19.4607067108,"8":20.2428016663,"9":20.4251689911,"10":20.5753078461,"11":21.0124702454,"12":21.0926837921,"13":21.36028862,"14":21.04621315,"15":21.1360149384,"16":21.7602291107,"17":21.5773067474,"18":21.9730911255,"19":22.0753936768,"20":22.2523059845,"21":22.2752094269,"22":22.123550415,"23":22.4172229767,"24":22.231086731,"25":22.5264530182,"26":22.6656227112,"27":22.7258930206,"28":22.79139328,"29":22.8072090149,"30":22.6857585907,"31":22.5512771606,"32":22.3661937714,"33":22.9495716095,"34":22.9844093323,"35":23.0779037476,"36":23.1259841919,"37":22.9102592468,"38":22.9986515045,"39":23.2255687714,"40":23.2795467377,"41":22.7839660645,"42":23.3730144501,"43":23.124994278,"44":23.2033157349,"45":23.3225669861,"46":23.2369556427,"47":23.2931652069,"48":23.4348468781,"49":23.3901195526},"lr":{"0":0.001,"1":0.001,"2":0.001,"3":0.001,"4":0.001,"5":0.001,"6":0.001,"7":0.001,"8":0.001,"9":0.001,"10":0.001,"11":0.001,"12":0.001,"13":0.001,"14":0.001,"15":0.001,"16":0.001,"17":0.001,"18":0.001,"19":0.001,"20":0.001,"21":0.001,"22":0.001,"23":0.001,"24":0.001,"25":0.001,"26":0.001,"27":0.001,"28":0.001,"29":0.001,"30":0.001,"31":0.001,"32":0.001,"33":0.0009048374,"34":0.0009048374,"35":0.0009048374,"36":0.0009048374,"37":0.0009048374,"38":0.0009048374,"39":0.0009048374,"40":0.0009048374,"41":0.0009048374,"42":0.0009048374,"43":0.0009048374,"44":0.0009048374,"45":0.0009048374,"46":0.0008187308,"47":0.0008187308,"48":0.0008187308,"49":0.0008187308}}