{"loss":{"0":290343.125,"1":1481.3884277344,"2":1075.1704101562,"3":836.4727783203,"4":690.0053100586,"5":586.8106689453,"6":514.2585449219,"7":467.2334899902,"8":435.5532226562,"9":387.6288452148,"10":367.7156677246,"11":352.6154785156,"12":320.3362426758,"13":298.496673584,"14":271.0957336426,"15":272.2046813965,"16":261.5866394043,"17":253.3143463135,"18":241.9726104736,"19":228.7742004395,"20":227.5866851807,"21":208.7252960205,"22":205.3360900879,"23":193.3929290771,"24":199.209274292,"25":189.0411376953,"26":178.6549835205,"27":179.7906799316,"28":173.9055023193,"29":183.1431427002,"30":163.1311035156,"31":173.3099975586,"32":157.3781433105,"33":157.1198883057,"34":155.9778900146,"35":150.4924621582,"36":143.7111968994,"37":155.249206543,"38":138.2643890381,"39":143.638092041,"40":136.7990722656,"41":140.5905761719,"42":132.1375579834,"43":133.8698577881,"44":131.1966247559,"45":129.1283569336,"46":138.1304016113,"47":132.8173522949,"48":123.5439147949,"49":120.2994308472},"PSNR":{"0":10.2132539749,"1":17.9464149475,"2":19.8947296143,"3":20.8923931122,"4":21.9125461578,"5":22.4339332581,"6":23.5087776184,"7":23.842130661,"8":23.8960723877,"9":24.5796165466,"10":25.4270801544,"11":24.8702945709,"12":26.0009708405,"13":25.7813816071,"14":26.427028656,"15":27.071138382,"16":26.6999397278,"17":26.9199562073,"18":27.1922416687,"19":28.0516433716,"20":27.0986843109,"21":27.6475887299,"22":27.3648433685,"23":28.4982719421,"24":27.8722476959,"25":27.7961349487,"26":28.7465572357,"27":28.7790298462,"28":28.4964828491,"29":28.795124054,"30":28.9147663116,"31":28.7501716614,"32":29.7266483307,"33":29.557100296,"34":29.4418067932,"35":30.318271637,"36":30.4360256195,"37":29.9003067017,"38":29.656293869,"39":28.8279972076,"40":30.2933864594,"41":30.2933235168,"42":29.989068985,"43":30.5336399078,"44":30.8554592133,"45":30.4699897766,"46":29.8095760345,"47":29.8276424408,"48":31.0365867615,"49":30.725769043},"val_loss":{"0":491.2629699707,"1":253.2672729492,"2":195.8733825684,"3":142.4546966553,"4":116.6808624268,"5":110.7799758911,"6":101.635307312,"7":90.1415176392,"8":74.2708969116,"9":68.4439163208,"10":62.445514679,"11":72.0190963745,"12":56.664981842,"13":52.249622345,"14":42.6036262512,"15":50.8734207153,"16":39.8302307129,"17":40.9367523193,"18":33.0942878723,"19":28.9710483551,"20":29.324886322,"21":32.0044059753,"22":24.9177799225,"23":26.0000514984,"24":41.7340736389,"25":21.3664360046,"26":28.6731910706,"27":28.8682346344,"28":24.6705646515,"29":23.8756828308,"30":32.9030609131,"31":19.478887558,"32":22.0883541107,"33":20.5343437195,"34":18.9719791412,"35":15.7971992493,"36":14.1555280685,"37":17.1946086884,"38":13.1679115295,"39":23.4664115906,"40":16.7725601196,"41":19.5714988708,"42":11.6301641464,"43":11.9192676544,"44":10.6915884018,"45":22.6859989166,"46":11.449962616,"47":11.841802597,"48":9.9246282578,"49":24.0834369659},"val_PSNR":{"0":21.2176628113,"1":24.0950126648,"2":25.2110500336,"3":26.5940361023,"4":27.4608078003,"5":27.6861915588,"6":28.0603580475,"7":28.5815544128,"8":29.422618866,"9":29.7774543762,"10":30.1757907867,"11":29.5563259125,"12":30.5976543427,"13":30.9499721527,"14":31.8363361359,"15":31.0658931732,"16":32.1286735535,"17":32.0096664429,"18":32.9332733154,"19":33.5111618042,"20":33.4584388733,"21":33.078704834,"22":34.1657104492,"23":33.9810600281,"24":31.9258956909,"25":34.833480835,"26":33.5560417175,"27":33.526599884,"28":34.2090110779,"29":34.3512458801,"30":32.958442688,"31":35.2351608276,"32":34.6891708374,"33":35.0059967041,"34":35.3496742249,"35":36.1450042725,"36":36.6215400696,"37":35.7768783569,"38":36.9356307983,"39":34.4263381958,"40":35.8848075867,"41":35.2145614624,"42":37.4749450684,"43":37.368309021,"44":37.8403778076,"45":34.573223114,"46":37.5427627563,"47":37.3966255188,"48":38.1636581421,"49":34.3136177063},"lr":{"0":0.001,"1":0.001,"2":0.001,"3":0.001,"4":0.001,"5":0.001,"6":0.001,"7":0.001,"8":0.001,"9":0.001,"10":0.001,"11":0.001,"12":0.001,"13":0.001,"14":0.001,"15":0.001,"16":0.001,"17":0.001,"18":0.001,"19":0.001,"20":0.001,"21":0.001,"22":0.001,"23":0.001,"24":0.001,"25":0.001,"26":0.001,"27":0.001,"28":0.001,"29":0.0009048374,"30":0.0009048374,"31":0.0009048374,"32":0.0009048374,"33":0.0009048374,"34":0.0009048374,"35":0.0009048374,"36":0.0009048374,"37":0.0009048374,"38":0.0009048374,"39":0.0009048374,"40":0.0009048374,"41":0.0009048374,"42":0.0008187308,"43":0.0008187308,"44":0.0008187308,"45":0.0008187308,"46":0.0008187308,"47":0.0008187308,"48":0.0007408183,"49":0.0007408183}}