{"loss":{"0":68.9515457153,"1":12.8846874237,"2":10.8230743408,"3":9.8445854187,"4":9.4633798599,"5":9.1453227997,"6":8.82721138,"7":8.5001325607,"8":8.6320476532,"9":7.9556136131,"10":8.2647304535,"11":7.8107252121,"12":8.0270032883,"13":8.1830101013,"14":7.9319028854,"15":7.8415498734,"16":7.853515625,"17":7.8956842422,"18":7.557079792,"19":7.9431929588,"20":8.0122699738,"21":7.7278962135,"22":7.4415154457,"23":7.8581976891,"24":7.7501749992,"25":7.4713983536,"26":7.7665166855,"27":7.6812915802,"28":7.5110630989,"29":7.6838235855,"30":7.9677500725,"31":7.2555017471,"32":7.7145066261,"33":7.8082175255,"34":7.7628030777,"35":7.4397563934,"36":7.4913430214,"37":7.6585378647,"38":7.2616825104,"39":7.5684814453,"40":7.5771145821,"41":7.7202959061,"42":7.7616362572,"43":7.5064611435,"44":7.6613373756,"45":7.6963119507,"46":7.6996893883,"47":7.4883475304,"48":7.5907716751,"49":7.1912198067},"PSNR":{"0":19.2505874634,"1":25.3847370148,"2":26.8351287842,"3":28.9386520386,"4":29.2345962524,"5":28.7485237122,"6":30.2847652435,"7":29.9472026825,"8":29.5165557861,"9":31.6602172852,"10":31.1385173798,"11":30.8979644775,"12":32.3552207947,"13":31.3499526978,"14":31.5198364258,"15":30.7703170776,"16":30.9614200592,"17":31.4724006653,"18":31.6975383759,"19":31.143573761,"20":32.5101890564,"21":31.5890769958,"22":33.1519470215,"23":31.6181488037,"24":30.9839134216,"25":31.4834403992,"26":32.0683898926,"27":32.3544540405,"28":33.1415634155,"29":31.0676250458,"30":32.2901725769,"31":32.8465919495,"32":31.8173809052,"33":31.9442501068,"34":31.567150116,"35":32.3543395996,"36":32.9022064209,"37":32.4505157471,"38":32.2428207397,"39":33.2348136902,"40":31.9566726685,"41":31.4616947174,"42":31.1546878815,"43":31.6318798065,"44":33.0587272644,"45":32.9594841003,"46":33.4205284119,"47":32.7115859985,"48":31.9579849243,"49":33.3871116638},"val_loss":{"0":15.0214662552,"1":13.1059999466,"2":12.1569461823,"3":11.8843507767,"4":11.5219106674,"5":11.5398807526,"6":11.2339277267,"7":11.1441116333,"8":11.1455783844,"9":10.9543619156,"10":11.0031547546,"11":10.9324197769,"12":10.9340524673,"13":10.9156246185,"14":10.8193016052,"15":10.8014621735,"16":10.7876291275,"17":10.8351554871,"18":10.8656787872,"19":10.8029575348,"20":10.7866325378,"21":10.7405738831,"22":10.7358055115,"23":10.7411050797,"24":10.7568788528,"25":10.7439575195,"26":10.7543582916,"27":10.7172794342,"28":10.7428379059,"29":10.8144741058,"30":10.7185058594,"31":10.710146904,"32":10.7196187973,"33":10.8904399872,"34":10.7164764404,"35":10.7351999283,"36":10.694483757,"37":10.6884613037,"38":10.6932172775,"39":10.6745080948,"40":10.6700754166,"41":10.7018623352,"42":10.6569366455,"43":10.6498289108,"44":10.6445894241,"45":10.6708669662,"46":10.6974554062,"47":10.5961399078,"48":10.6417589188,"49":10.6027069092},"val_PSNR":{"0":21.8733863831,"1":22.8293800354,"2":23.3002662659,"3":23.4857730865,"4":23.6573295593,"5":23.6537513733,"6":23.8025741577,"7":23.8369102478,"8":23.859079361,"9":23.9320011139,"10":23.9119739532,"11":23.9477577209,"12":23.9510478973,"13":23.9668235779,"14":23.9987468719,"15":24.0081272125,"16":24.0180110931,"17":24.0031337738,"18":23.9983463287,"19":24.023557663,"20":24.0300502777,"21":24.0417118073,"22":24.0439186096,"23":24.0470504761,"24":24.0359535217,"25":24.0454063416,"26":24.0426311493,"27":24.0613803864,"28":24.0507049561,"29":24.021314621,"30":24.0587215424,"31":24.0641117096,"32":24.0647163391,"33":24.0308074951,"34":24.0614566803,"35":24.0627727509,"36":24.0710887909,"37":24.0713024139,"38":24.0787029266,"39":24.0837688446,"40":24.0870513916,"41":24.0765590668,"42":24.0893535614,"43":24.0949573517,"44":24.0969142914,"45":24.098783493,"46":24.1003551483,"47":24.124584198,"48":24.1133060455,"49":24.1345558167},"lr":{"0":0.001,"1":0.001,"2":0.001,"3":0.001,"4":0.001,"5":0.001,"6":0.001,"7":0.001,"8":0.001,"9":0.001,"10":0.001,"11":0.001,"12":0.001,"13":0.001,"14":0.001,"15":0.001,"16":0.001,"17":0.001,"18":0.001,"19":0.001,"20":0.0009048374,"21":0.0009048374,"22":0.0009048374,"23":0.0009048374,"24":0.0009048374,"25":0.0009048374,"26":0.0008187308,"27":0.0008187308,"28":0.0008187308,"29":0.0008187308,"30":0.0008187308,"31":0.0007408183,"32":0.0007408183,"33":0.0007408183,"34":0.0007408183,"35":0.0006703201,"36":0.0006703201,"37":0.0006703201,"38":0.0006703201,"39":0.0006703201,"40":0.0006703201,"41":0.0006703201,"42":0.0006703201,"43":0.0006703201,"44":0.0006703201,"45":0.0006703201,"46":0.0006703201,"47":0.0006703201,"48":0.0006703201,"49":0.0006703201}}