{"loss":{"0":5051.7080078125,"1":1049.6134033203,"2":990.447265625,"3":918.9727783203,"4":803.9849853516,"5":602.7979736328,"6":380.4895629883,"7":317.3641357422,"8":293.7226867676,"9":263.9111328125,"10":245.9061584473,"11":245.509185791,"12":230.8054656982,"13":242.7034759521,"14":232.6311035156,"15":235.2082366943,"16":233.7890777588,"17":213.0670166016,"18":226.0016479492,"19":244.0082397461,"20":229.4600524902,"21":218.5442352295,"22":223.7884521484,"23":209.8717498779,"24":218.2577972412,"25":207.8885803223,"26":227.1831970215,"27":219.8042755127,"28":216.4192352295,"29":218.7346343994,"30":210.9488220215,"31":211.2927093506,"32":224.5878448486,"33":212.8964996338,"34":191.3511047363,"35":205.7560424805,"36":202.3609466553,"37":210.7446594238,"38":213.4426269531,"39":208.1139984131,"40":210.9524688721,"41":204.9873504639,"42":217.2610473633,"43":214.9903106689,"44":204.9561767578,"45":204.8129119873,"46":207.4797363281,"47":203.5375976562,"48":219.0534820557,"49":227.5692443848},"PSNR":{"0":15.1032323837,"1":21.7319316864,"2":22.3384151459,"3":23.8144283295,"4":22.7924118042,"5":23.9844112396,"6":27.6146297455,"7":27.9892597198,"8":27.0078678131,"9":28.2413787842,"10":28.4806194305,"11":29.4118766785,"12":31.2204608917,"13":29.9943180084,"14":29.5960636139,"15":30.4488945007,"16":30.2173652649,"17":30.8779201508,"18":30.1202983856,"19":28.6474704742,"20":29.9650554657,"21":30.7551898956,"22":30.4880714417,"23":31.0256786346,"24":30.8471126556,"25":31.2867202759,"26":29.9788532257,"27":31.2942523956,"28":31.5826835632,"29":30.876159668,"30":30.4225616455,"31":31.2604999542,"32":31.2317142487,"33":31.3178424835,"34":31.2296295166,"35":32.8544006348,"36":31.1125812531,"37":30.0591697693,"38":31.5630226135,"39":31.7776317596,"40":29.9585590363,"41":31.3164234161,"42":31.5830631256,"43":31.0123214722,"44":32.3984642029,"45":30.8761787415,"46":31.1219291687,"47":31.2310352325,"48":31.004447937,"49":31.9833927155},"val_loss":{"0":1174.8319091797,"1":867.8451538086,"2":956.1179199219,"3":845.6015625,"4":564.950378418,"5":405.4746398926,"6":311.7772521973,"7":274.768157959,"8":196.6227874756,"9":226.467376709,"10":273.8968200684,"11":204.8066558838,"12":177.6975402832,"13":184.834564209,"14":197.6672973633,"15":185.8732299805,"16":211.0925598145,"17":215.5836334229,"18":232.902130127,"19":174.4523468018,"20":187.0365447998,"21":175.2537536621,"22":179.3406677246,"23":170.7537536621,"24":162.1172943115,"25":200.6547088623,"26":233.8723602295,"27":169.8289794922,"28":203.3006896973,"29":193.529083252,"30":182.5798492432,"31":162.8017425537,"32":201.0788421631,"33":199.1333770752,"34":175.031829834,"35":219.6485137939,"36":183.9635009766,"37":191.6781463623,"38":166.0038452148,"39":177.9700164795,"40":218.1884155273,"41":194.4478759766,"42":206.9569549561,"43":209.1136779785,"44":192.7264251709,"45":201.5828704834,"46":168.3447418213,"47":183.2228851318,"48":174.144821167,"49":211.1377105713},"val_PSNR":{"0":19.7077789307,"1":21.4279499054,"2":21.2323055267,"3":21.8319263458,"4":23.6241912842,"5":24.9263744354,"6":26.2762260437,"7":27.0021533966,"8":28.4942569733,"9":28.2559127808,"10":27.6782207489,"11":29.4900875092,"12":29.0711479187,"13":29.4491214752,"14":29.1453914642,"15":29.8818778992,"16":30.2469673157,"17":30.0982341766,"18":28.2677764893,"19":29.9043960571,"20":29.7582378387,"21":30.4672393799,"22":29.987443924,"23":30.2079734802,"24":30.9970111847,"25":30.7277450562,"26":27.9775829315,"27":30.418756485,"28":29.6778488159,"29":30.2924003601,"30":30.2471027374,"31":30.9952774048,"32":29.9531745911,"33":30.705904007,"34":31.2263126373,"35":29.9842090607,"36":30.4763793945,"37":30.431552887,"38":31.7142486572,"39":30.963388443,"40":30.6193237305,"41":30.0077571869,"42":30.6489696503,"43":29.9592132568,"44":31.0574626923,"45":30.5297489166,"46":31.7071285248,"47":30.8841571808,"48":31.4040260315,"49":30.7863044739},"lr":{"0":0.001,"1":0.001,"2":0.001,"3":0.001,"4":0.001,"5":0.001,"6":0.001,"7":0.001,"8":0.001,"9":0.001,"10":0.001,"11":0.001,"12":0.0009048374,"13":0.0009048374,"14":0.0009048374,"15":0.0009048374,"16":0.0008187307,"17":0.0008187307,"18":0.0008187307,"19":0.0007408181,"20":0.0007408181,"21":0.0007408181,"22":0.0007408181,"23":0.0006703199,"24":0.0006703199,"25":0.0006703199,"26":0.0006703199,"27":0.0006703199,"28":0.0006065305,"29":0.0006065305,"30":0.0006065305,"31":0.0005488115,"32":0.0005488115,"33":0.0005488115,"34":0.0004965851,"35":0.0004965851,"36":0.0004965851,"37":0.0004493287,"38":0.0004493287,"39":0.0004493287,"40":0.0004065694,"41":0.0004065694,"42":0.0004065694,"43":0.0003678792,"44":0.0003678792,"45":0.0003678792,"46":0.0003328708,"47":0.0003328708,"48":0.0003328708,"49":0.000301194}}