{"loss":{"0":6687.1416015625,"1":696.6851196289,"2":290.4516906738,"3":232.312286377,"4":171.1314697266,"5":143.1519012451,"6":121.2410964966,"7":122.363243103,"8":136.1163635254,"9":111.0055007935,"10":104.6992797852,"11":101.9209442139,"12":108.7489395142,"13":100.6201400757,"14":93.2004165649,"15":97.4570999146,"16":102.1800003052,"17":97.640953064,"18":93.6443939209,"19":86.5252151489,"20":91.8831558228,"21":88.0741500854,"22":85.360206604,"23":86.6998214722,"24":89.3499221802,"25":82.7188110352,"26":83.440788269,"27":84.2714080811,"28":82.8813858032,"29":87.0743103027,"30":82.5540161133,"31":82.2022705078,"32":82.0832366943,"33":78.1091537476,"34":88.0834121704,"35":77.5488815308,"36":76.2785339355,"37":76.6094360352,"38":81.7817993164,"39":82.2231521606,"40":81.5956497192,"41":76.9031295776,"42":80.3178482056,"43":77.3130645752,"44":74.4410858154,"45":75.4845581055,"46":81.5082931519,"47":76.2023086548,"48":76.8211975098,"49":83.6923675537},"PSNR":{"0":14.3549404144,"1":23.3340091705,"2":27.1592788696,"3":27.9785079956,"4":29.335559845,"5":30.3698444366,"6":31.0654010773,"7":31.3192501068,"8":30.9462718964,"9":32.5053253174,"10":32.5645523071,"11":32.426815033,"12":32.045211792,"13":32.0283660889,"14":32.6445770264,"15":33.7471733093,"16":32.4475326538,"17":32.7573280334,"18":32.9939193726,"19":34.0671882629,"20":32.8245353699,"21":34.2466049194,"22":33.7454109192,"23":33.9886283875,"24":33.4360466003,"25":33.7780609131,"26":34.2452812195,"27":33.0348205566,"28":33.0093269348,"29":33.2844200134,"30":35.0259666443,"31":33.4759407043,"32":34.3540687561,"33":33.9953422546,"34":32.0822372437,"35":34.9874610901,"36":34.5577201843,"37":35.161441803,"38":35.3733291626,"39":34.3745689392,"40":34.3502197266,"41":33.7558288574,"42":35.3566589355,"43":34.7407646179,"44":35.2179870605,"45":35.9117736816,"46":34.8842964172,"47":34.9077606201,"48":35.2672271729,"49":34.0411834717},"val_loss":{"0":1301.1162109375,"1":328.6934814453,"2":220.9203948975,"3":180.444152832,"4":150.362121582,"5":99.0743942261,"6":120.0769042969,"7":157.1731262207,"8":107.1381225586,"9":101.0214920044,"10":108.7275009155,"11":94.6382217407,"12":105.4384689331,"13":83.1015625,"14":81.1801300049,"15":131.0264282227,"16":96.5941009521,"17":82.9305114746,"18":93.2537612915,"19":82.3022079468,"20":81.2201156616,"21":84.9849700928,"22":81.7358627319,"23":102.6205978394,"24":79.8156661987,"25":79.6860046387,"26":87.3623428345,"27":82.5241928101,"28":65.8560714722,"29":79.6365890503,"30":66.8592453003,"31":70.6295089722,"32":77.1364517212,"33":73.6371307373,"34":67.7755203247,"35":67.836151123,"36":75.3497467041,"37":80.449005127,"38":86.8473739624,"39":60.3558883667,"40":65.3907928467,"41":69.5229415894,"42":68.8246841431,"43":85.655090332,"44":58.5581207275,"45":69.6039047241,"46":78.5081253052,"47":63.2459907532,"48":66.4302062988,"49":79.7371673584},"val_PSNR":{"0":19.5240936279,"1":25.7546024323,"2":27.5327701569,"3":28.1905708313,"4":29.8547801971,"5":30.9343338013,"6":31.3061084747,"7":28.7481689453,"8":31.6930198669,"9":31.8225460052,"10":31.5441226959,"11":32.2837638855,"12":30.5261306763,"13":32.4709320068,"14":33.1119232178,"15":29.7994747162,"16":32.1765975952,"17":32.6992111206,"18":32.9130096436,"19":32.8256797791,"20":32.7931022644,"21":32.794883728,"22":33.122959137,"23":31.7286281586,"24":33.2505187988,"25":32.9589347839,"26":33.07371521,"27":33.1231231689,"28":34.3260879517,"29":33.7290763855,"30":34.4685554504,"31":33.6266937256,"32":34.2561340332,"33":33.518321991,"34":33.8796081543,"35":34.8843612671,"36":34.7208480835,"37":33.9598693848,"38":33.7170791626,"39":35.1425209045,"40":34.9732170105,"41":34.4210395813,"42":34.2174720764,"43":33.874168396,"44":35.6595115662,"45":35.0320320129,"46":34.3596496582,"47":34.86095047,"48":34.6573982239,"49":34.5834732056},"lr":{"0":0.001,"1":0.001,"2":0.001,"3":0.001,"4":0.001,"5":0.001,"6":0.001,"7":0.001,"8":0.001,"9":0.0009048374,"10":0.0009048374,"11":0.0009048374,"12":0.0009048374,"13":0.0009048374,"14":0.0009048374,"15":0.0009048374,"16":0.0009048374,"17":0.0009048374,"18":0.0008187307,"19":0.0008187307,"20":0.0008187307,"21":0.0007408181,"22":0.0007408181,"23":0.0007408181,"24":0.0006703199,"25":0.0006703199,"26":0.0006703199,"27":0.0006703199,"28":0.0006703199,"29":0.0006703199,"30":0.0006703199,"31":0.0006703199,"32":0.0006065305,"33":0.0006065305,"34":0.0006065305,"35":0.0005488115,"36":0.0005488115,"37":0.0005488115,"38":0.0004965851,"39":0.0004965851,"40":0.0004965851,"41":0.0004965851,"42":0.0004965851,"43":0.0004493287,"44":0.0004493287,"45":0.0004493287,"46":0.0004493287,"47":0.0004493287,"48":0.0004065694,"49":0.0004065694}}