{"loss":{"0":47.8241958618,"1":22.6725292206,"2":22.1488819122,"3":19.8168888092,"4":14.8708152771,"5":13.6754684448,"6":13.0711736679,"7":11.6809167862,"8":11.7725143433,"9":11.3258981705,"10":10.7315330505,"11":10.4014253616,"12":10.0594749451,"13":9.7577257156,"14":10.0003404617,"15":8.2052030563,"16":7.741212368,"17":6.9896345139,"18":6.6471014023,"19":7.3709902763,"20":6.4652457237,"21":6.370531559,"22":6.2351531982,"23":6.3925795555,"24":6.2719650269,"25":5.9837231636,"26":5.9391226768,"27":6.0838041306,"28":6.0853266716,"29":6.063076973,"30":5.9047236443,"31":5.8513784409,"32":5.9003043175,"33":5.6753115654,"34":5.7209634781,"35":5.8181967735,"36":5.5777211189,"37":5.4453001022,"38":5.2306289673,"39":5.5963129997,"40":5.5399975777,"41":5.3175568581,"42":5.2986149788,"43":5.5751867294,"44":5.2815394402,"45":5.2927370071,"46":5.2460684776,"47":5.0187735558,"48":5.2551817894,"49":5.0506343842},"PSNR":{"0":14.6905164719,"1":19.8512992859,"2":20.0365219116,"3":21.6375656128,"4":22.3601226807,"5":23.2468414307,"6":23.8451519012,"7":24.0534439087,"8":24.0515422821,"9":25.23695755,"10":25.7739009857,"11":25.8431739807,"12":26.6235351562,"13":26.3706302643,"14":26.9639167786,"15":28.7056331635,"16":29.245054245,"17":29.0885295868,"18":31.1166229248,"19":30.6253433228,"20":31.2722015381,"21":31.859413147,"22":31.6742649078,"23":32.2742767334,"24":32.0387077332,"25":31.8635005951,"26":31.5402069092,"27":32.0587539673,"28":31.7476577759,"29":32.129901886,"30":32.6367645264,"31":31.8128471375,"32":32.9231681824,"33":33.6912307739,"34":33.1317367554,"35":32.7251625061,"36":32.8026771545,"37":34.0807876587,"38":33.4634017944,"39":33.8582725525,"40":33.7975349426,"41":34.2456588745,"42":33.2207756042,"43":32.8431930542,"44":34.3614196777,"45":33.5796661377,"46":34.9258918762,"47":32.7227325439,"48":35.0350837708,"49":34.6599311829},"val_loss":{"0":27.2040939331,"1":22.1518268585,"2":21.7695026398,"3":16.9370479584,"4":13.6028194427,"5":15.8546619415,"6":12.2472763062,"7":12.1429452896,"8":13.7615661621,"9":10.9356355667,"10":10.7085208893,"11":10.0068750381,"12":9.5986156464,"13":9.5627822876,"14":9.2910299301,"15":8.8528108597,"16":6.7336649895,"17":6.7493896484,"18":6.1564850807,"19":6.4780092239,"20":6.6998996735,"21":6.4695343971,"22":6.0047483444,"23":5.9554533958,"24":6.8215703964,"25":5.5679078102,"26":5.7993426323,"27":5.8339467049,"28":5.2474169731,"29":6.381860733,"30":5.9755268097,"31":4.620238781,"32":5.9711513519,"33":6.1468720436,"34":5.7805657387,"35":5.0434217453,"36":5.1407780647,"37":5.3282709122,"38":5.5704612732,"39":5.3276615143,"40":5.3837199211,"41":5.2520170212,"42":6.2827057838,"43":4.8450231552,"44":5.4557671547,"45":5.2182927132,"46":5.0614619255,"47":5.3252091408,"48":4.9234962463,"49":5.0654053688},"val_PSNR":{"0":18.0243549347,"1":19.0749950409,"2":19.7665786743,"3":21.2928562164,"4":22.3104419708,"5":22.0676956177,"6":23.0347137451,"7":23.4958763123,"8":24.0023460388,"9":24.5365505219,"10":25.5635623932,"11":26.07538414,"12":26.4368610382,"13":27.0063419342,"14":26.8239040375,"15":27.6848258972,"16":29.4905757904,"17":29.5052566528,"18":30.2282962799,"19":30.2221088409,"20":30.7483196259,"21":30.2705154419,"22":31.1985015869,"23":30.6283950806,"24":30.6261672974,"25":31.7173042297,"26":31.5015983582,"27":31.7330474854,"28":32.2053146362,"29":31.2090396881,"30":31.5756111145,"31":33.5202636719,"32":31.755613327,"33":31.8120918274,"34":32.0223350525,"35":33.1283302307,"36":32.8601570129,"37":32.8932380676,"38":32.6608772278,"39":32.5435180664,"40":32.969707489,"41":33.1270980835,"42":31.4749469757,"43":33.8017425537,"44":33.0106964111,"45":32.7754707336,"46":33.4179916382,"47":32.7863235474,"48":33.7329788208,"49":33.4885826111},"lr":{"0":0.001,"1":0.001,"2":0.001,"3":0.001,"4":0.001,"5":0.001,"6":0.001,"7":0.001,"8":0.001,"9":0.001,"10":0.001,"11":0.001,"12":0.001,"13":0.001,"14":0.001,"15":0.001,"16":0.001,"17":0.001,"18":0.001,"19":0.001,"20":0.001,"21":0.001,"22":0.0009048374,"23":0.0009048374,"24":0.0009048374,"25":0.0009048374,"26":0.0009048374,"27":0.0009048374,"28":0.0009048374,"29":0.0009048374,"30":0.0009048374,"31":0.0009048374,"32":0.0009048374,"33":0.0009048374,"34":0.0009048374,"35":0.0008187307,"36":0.0008187307,"37":0.0008187307,"38":0.0007408181,"39":0.0007408181,"40":0.0007408181,"41":0.0006703199,"42":0.0006703199,"43":0.0006703199,"44":0.0006065305,"45":0.0006065305,"46":0.0006065305,"47":0.0005488115,"48":0.0005488115,"49":0.0005488115}}