{"loss":{"0":31.5129966736,"1":17.9909324646,"2":15.2186374664,"3":13.3048582077,"4":13.366818428,"5":13.3188123703,"6":12.6198616028,"7":12.4053907394,"8":11.4509010315,"9":11.7240037918,"10":11.025592804,"11":10.8054103851,"12":9.8864717484,"13":10.82417202,"14":10.1368942261,"15":9.9752979279,"16":9.1273622513,"17":8.703338623,"18":8.9640626907,"19":8.7727203369,"20":8.7098531723,"21":8.9789981842,"22":8.8016309738,"23":8.4904603958,"24":8.9631986618,"25":8.6311130524,"26":8.6315450668,"27":8.6091976166,"28":8.3714036942,"29":8.5533752441,"30":8.4670658112,"31":8.2259130478,"32":8.1691303253,"33":8.6046171188,"34":8.1852169037,"35":8.4076738358,"36":8.4638624191,"37":8.4921197891,"38":8.0909070969,"39":8.1836194992,"40":8.2308225632,"41":8.0080776215,"42":8.2763347626,"43":7.9010720253,"44":7.8483786583,"45":8.1225118637,"46":8.0893411636,"47":8.0371294022,"48":8.2771883011,"49":7.8733863831},"PSNR":{"0":18.0062980652,"1":21.1837539673,"2":23.4732112885,"3":23.9382820129,"4":24.6433334351,"5":23.9334373474,"6":24.877910614,"7":25.0576152802,"8":26.3726902008,"9":26.3385429382,"10":26.6064682007,"11":27.8345088959,"12":27.275270462,"13":26.4757919312,"14":28.2361717224,"15":27.7488994598,"16":29.1591110229,"17":28.667881012,"18":28.7577838898,"19":29.407831192,"20":29.0574188232,"21":30.2831840515,"22":30.5086574554,"23":29.9670906067,"24":29.3485164642,"25":29.9657306671,"26":29.5059547424,"27":29.4428386688,"28":30.8112812042,"29":30.7905330658,"30":30.8701286316,"31":31.0325145721,"32":30.1382331848,"33":30.3662548065,"34":30.5739498138,"35":31.3319149017,"36":29.5839767456,"37":29.2297344208,"38":30.371963501,"39":31.0719356537,"40":29.9861507416,"41":31.8625488281,"42":30.4017009735,"43":31.0755767822,"44":30.9041061401,"45":30.3695869446,"46":30.5603981018,"47":31.3872299194,"48":30.6049308777,"49":31.3578987122},"val_loss":{"0":18.6889076233,"1":14.6354417801,"2":14.901515007,"3":13.8001794815,"4":13.0823841095,"5":11.4718208313,"6":11.4808101654,"7":11.0508289337,"8":10.6472902298,"9":10.0585317612,"10":12.0606899261,"11":8.6788539886,"12":10.96509552,"13":9.4329195023,"14":10.4269895554,"15":8.3589506149,"16":8.5306825638,"17":8.7401399612,"18":8.0079555511,"19":9.2798042297,"20":8.2618455887,"21":8.1356916428,"22":8.6486740112,"23":9.1673765182,"24":8.0504980087,"25":8.5154247284,"26":7.841506958,"27":7.6774458885,"28":7.6015934944,"29":8.0505638123,"30":9.0081615448,"31":8.2956848145,"32":8.2016410828,"33":7.8417754173,"34":7.0467829704,"35":7.6770253181,"36":7.5316166878,"37":8.5123624802,"38":7.0836939812,"39":7.5048418045,"40":7.1308164597,"41":7.0624155998,"42":7.4763736725,"43":7.2547044754,"44":6.9982872009,"45":7.3851695061,"46":7.3243350983,"47":7.165667057,"48":8.4818696976,"49":7.3258361816},"val_PSNR":{"0":20.7196292877,"1":22.4238891602,"2":23.3570461273,"3":23.7762985229,"4":24.3458309174,"5":24.8767185211,"6":25.4044723511,"7":25.4004516602,"8":26.1655635834,"9":27.1113529205,"10":25.7759017944,"11":27.8968734741,"12":26.4813079834,"13":27.6339836121,"14":27.0972232819,"15":29.0410404205,"16":28.8928070068,"17":28.7791996002,"18":29.4045639038,"19":28.2824764252,"20":29.1679801941,"21":28.9462623596,"22":29.0201530457,"23":28.3643569946,"24":29.5079536438,"25":28.7176876068,"26":29.2621517181,"27":30.2717704773,"28":30.1272735596,"29":29.5664958954,"30":28.5039310455,"31":29.9859676361,"32":29.0833358765,"33":29.8275508881,"34":30.5253620148,"35":29.9431266785,"36":29.9758758545,"37":29.3344039917,"38":30.5813922882,"39":30.0171699524,"40":30.542011261,"41":31.0279922485,"42":30.6081256866,"43":30.9112358093,"44":30.9616527557,"45":30.5092582703,"46":30.7342071533,"47":30.6526679993,"48":29.1212310791,"49":30.7575187683},"lr":{"0":0.001,"1":0.001,"2":0.001,"3":0.001,"4":0.001,"5":0.001,"6":0.001,"7":0.001,"8":0.001,"9":0.001,"10":0.001,"11":0.001,"12":0.001,"13":0.001,"14":0.001,"15":0.0009048374,"16":0.0009048374,"17":0.0009048374,"18":0.0009048374,"19":0.0009048374,"20":0.0009048374,"21":0.0009048374,"22":0.0008187307,"23":0.0008187307,"24":0.0008187307,"25":0.0007408181,"26":0.0007408181,"27":0.0007408181,"28":0.0007408181,"29":0.0007408181,"30":0.0007408181,"31":0.0007408181,"32":0.0006703199,"33":0.0006703199,"34":0.0006703199,"35":0.0006703199,"36":0.0006703199,"37":0.0006703199,"38":0.0006065305,"39":0.0006065305,"40":0.0006065305,"41":0.0005488115,"42":0.0005488115,"43":0.0005488115,"44":0.0004965851,"45":0.0004965851,"46":0.0004965851,"47":0.0004965851,"48":0.0004493287,"49":0.0004493287}}