{"loss":{"0":31.9602966309,"1":21.5568389893,"2":17.7029705048,"3":15.0800943375,"4":14.1092834473,"5":13.4275531769,"6":12.8468341827,"7":12.7207784653,"8":12.74335289,"9":12.5013122559,"10":12.3994588852,"11":12.1615247726,"12":12.2338409424,"13":12.0883789062,"14":11.8061265945,"15":11.7921199799,"16":11.5996274948,"17":11.4006347656,"18":11.3976430893,"19":11.1254854202,"20":11.1853075027,"21":11.3999605179,"22":10.9936552048,"23":11.077922821,"24":11.0274419785,"25":11.0575618744,"26":10.7739505768,"27":10.8399744034,"28":10.4082183838,"29":11.1193523407,"30":10.6131792068,"31":10.7112236023,"32":10.3766107559,"33":10.4331674576,"34":10.8397264481,"35":10.0176458359,"36":10.3647174835,"37":10.7787370682,"38":10.4385681152,"39":10.4120359421,"40":10.516740799,"41":10.0600728989,"42":10.5163125992,"43":10.618021965,"44":10.4521303177,"45":10.4267816544,"46":10.4484138489,"47":10.4158411026,"48":10.2657194138,"49":9.8323097229},"PSNR":{"0":17.8687381744,"1":19.0692119598,"2":21.9321346283,"3":22.7587203979,"4":23.352519989,"5":24.8289871216,"6":23.3604850769,"7":24.3370475769,"8":24.2156982422,"9":23.3154392242,"10":24.6252555847,"11":25.467218399,"12":24.2914485931,"13":25.1863231659,"14":26.0905151367,"15":25.4027767181,"16":25.619600296,"17":25.220867157,"18":25.7891292572,"19":26.326467514,"20":25.3613815308,"21":26.3764533997,"22":27.7676639557,"23":26.5383148193,"24":27.2259540558,"25":28.3642139435,"26":28.0134506226,"27":27.759519577,"28":28.0200881958,"29":26.7959079742,"30":29.1096820831,"31":26.2624225616,"32":28.2547931671,"33":29.5603580475,"34":28.6299209595,"35":29.051990509,"36":28.1190700531,"37":27.1849632263,"38":28.3631076813,"39":29.4659957886,"40":28.2220115662,"41":28.5041122437,"42":27.0217819214,"43":28.8158149719,"44":28.2405338287,"45":29.1684932709,"46":27.6769866943,"47":28.1561336517,"48":28.1266994476,"49":29.4686565399},"val_loss":{"0":22.2016334534,"1":18.4437065125,"2":16.1851825714,"3":14.0738172531,"4":12.5414600372,"5":12.0575475693,"6":11.9405899048,"7":11.6361522675,"8":11.6560201645,"9":11.7909584045,"10":11.0154361725,"11":10.9361391068,"12":10.6057653427,"13":10.5419845581,"14":11.5625133514,"15":11.3700752258,"16":11.4047489166,"17":11.5605392456,"18":10.5743598938,"19":10.3319644928,"20":10.4074277878,"21":10.2078542709,"22":10.3995351791,"23":9.9336471558,"24":9.8329219818,"25":10.1763429642,"26":9.9714021683,"27":9.1732959747,"28":10.5295581818,"29":9.318567276,"30":10.1167211533,"31":9.6114273071,"32":9.7568025589,"33":10.1789617538,"34":9.8996648788,"35":10.166885376,"36":10.3321676254,"37":9.577457428,"38":10.0819997787,"39":10.0209913254,"40":10.2873401642,"41":9.2800359726,"42":8.9165849686,"43":9.9367771149,"44":10.0475587845,"45":9.3669729233,"46":9.7552165985,"47":11.7633323669,"48":9.5406770706,"49":8.5278120041},"val_PSNR":{"0":19.037694931,"1":20.6650657654,"2":22.5613307953,"3":23.2723007202,"4":24.0445976257,"5":24.1092605591,"6":24.0073471069,"7":24.5757007599,"8":24.4409179688,"9":24.4990119934,"10":24.754026413,"11":25.0295734406,"12":25.4050827026,"13":25.0048599243,"14":24.6551513672,"15":24.8662624359,"16":25.2150039673,"17":25.4791984558,"18":25.9169502258,"19":26.2025489807,"20":26.2164993286,"21":26.6433467865,"22":26.7685203552,"23":27.4760417938,"24":27.9162960052,"25":27.1997947693,"26":27.5062580109,"27":28.2265129089,"28":26.8017501831,"29":28.1399288177,"30":27.7219333649,"31":28.1936702728,"32":27.5626945496,"33":27.1978206635,"34":27.5332584381,"35":27.5426292419,"36":27.4212532043,"37":28.232963562,"38":27.664894104,"39":27.9833183289,"40":27.1157894135,"41":28.3070735931,"42":28.4874038696,"43":27.8094806671,"44":27.3872909546,"45":28.1038646698,"46":28.0467586517,"47":25.8752613068,"48":27.7483882904,"49":28.6275138855},"lr":{"0":0.001,"1":0.001,"2":0.001,"3":0.001,"4":0.001,"5":0.001,"6":0.001,"7":0.001,"8":0.001,"9":0.001,"10":0.001,"11":0.001,"12":0.001,"13":0.001,"14":0.001,"15":0.001,"16":0.001,"17":0.0009048374,"18":0.0009048374,"19":0.0009048374,"20":0.0009048374,"21":0.0009048374,"22":0.0009048374,"23":0.0009048374,"24":0.0009048374,"25":0.0009048374,"26":0.0009048374,"27":0.0009048374,"28":0.0009048374,"29":0.0009048374,"30":0.0009048374,"31":0.0008187307,"32":0.0008187307,"33":0.0008187307,"34":0.0007408181,"35":0.0007408181,"36":0.0007408181,"37":0.0006703199,"38":0.0006703199,"39":0.0006703199,"40":0.0006065305,"41":0.0006065305,"42":0.0006065305,"43":0.0006065305,"44":0.0006065305,"45":0.0006065305,"46":0.0005488115,"47":0.0005488115,"48":0.0005488115,"49":0.0004965851}}