{"loss":{"0":2206.5612792969,"1":420.9588012695,"2":333.624206543,"3":299.8270263672,"4":272.8448791504,"5":255.2071838379,"6":261.9153137207,"7":251.6775054932,"8":246.7962493896,"9":258.810546875,"10":257.1671142578,"11":243.5233612061,"12":242.3026428223,"13":234.3977050781,"14":230.041519165,"15":233.8575286865,"16":244.0018310547,"17":226.6819610596,"18":232.4063262939,"19":227.1651916504,"20":218.284942627,"21":230.0989227295,"22":237.5424346924,"23":225.5065612793,"24":225.8478393555,"25":231.9102935791,"26":221.5387878418,"27":228.6411743164,"28":225.6617431641,"29":218.6139984131,"30":219.2956237793,"31":218.2237243652,"32":230.7587127686,"33":211.0189361572,"34":222.4225311279,"35":217.6355133057,"36":216.4731445312,"37":233.4255218506,"38":230.2312011719,"39":222.7919769287,"40":225.3963623047,"41":204.0672912598,"42":223.2627868652,"43":210.5350036621,"44":208.1297607422,"45":219.0666656494,"46":210.2605133057,"47":216.0718994141,"48":212.9702453613,"49":208.3133087158},"PSNR":{"0":18.7318344116,"1":25.2473583221,"2":26.1237506866,"3":28.378364563,"4":26.7138729095,"5":28.7886066437,"6":27.6244831085,"7":28.5200462341,"8":29.0314998627,"9":29.4291763306,"10":28.6702270508,"11":29.0879440308,"12":29.8519821167,"13":29.8399429321,"14":29.605304718,"15":29.5275707245,"16":30.5858039856,"17":30.4002017975,"18":29.1410980225,"19":29.6615219116,"20":30.1416740417,"21":30.5100955963,"22":29.5655155182,"23":30.3346786499,"24":30.8967056274,"25":31.066242218,"26":29.9688434601,"27":30.3102245331,"28":30.9666213989,"29":30.3603019714,"30":31.0666217804,"31":30.4901657104,"32":31.0631389618,"33":31.4394626617,"34":30.8687915802,"35":31.3766288757,"36":30.7486038208,"37":30.399023056,"38":30.3194408417,"39":31.0074520111,"40":29.9128742218,"41":31.1345977783,"42":31.8395767212,"43":31.3763771057,"44":33.4447593689,"45":30.6293430328,"46":31.722038269,"47":31.3651103973,"48":30.5986003876,"49":32.0693321228},"val_loss":{"0":555.360168457,"1":348.381652832,"2":270.2964172363,"3":212.5761260986,"4":255.9761352539,"5":203.0573120117,"6":245.606842041,"7":218.8508453369,"8":220.299407959,"9":183.517791748,"10":208.1344909668,"11":189.2158813477,"12":205.1445770264,"13":219.4927520752,"14":173.7699279785,"15":197.7482299805,"16":227.5053100586,"17":203.6037445068,"18":178.7944793701,"19":180.7027740479,"20":227.442199707,"21":203.2418823242,"22":187.7874450684,"23":196.7578887939,"24":236.4450836182,"25":219.0085754395,"26":168.0621337891,"27":209.7318878174,"28":168.1094207764,"29":244.2010955811,"30":185.4759368896,"31":212.9103088379,"32":223.1881408691,"33":175.8995513916,"34":202.0764007568,"35":205.6889038086,"36":158.6135864258,"37":202.2338256836,"38":202.6117553711,"39":174.4584350586,"40":169.1346435547,"41":173.1976623535,"42":208.9133911133,"43":190.67578125,"44":169.4792633057,"45":199.1032409668,"46":187.9698028564,"47":171.2578887939,"48":187.7024078369,"49":190.2738037109},"val_PSNR":{"0":22.4983329773,"1":25.6190414429,"2":26.5663089752,"3":28.1116313934,"4":27.2404327393,"5":27.8260765076,"6":28.2403850555,"7":28.9517383575,"8":29.1704902649,"9":29.2336616516,"10":28.6952953339,"11":29.251914978,"12":28.7701931,"13":29.0667476654,"14":29.0509567261,"15":29.1610336304,"16":29.3634033203,"17":29.3373966217,"18":29.6250457764,"19":30.4463348389,"20":27.7009620667,"21":29.9551200867,"22":29.8411312103,"23":29.9928646088,"24":29.2559356689,"25":28.9376754761,"26":30.5062427521,"27":29.5785808563,"28":30.8326072693,"29":29.6922111511,"30":30.3697967529,"31":29.9756526947,"32":30.3988113403,"33":30.4333515167,"34":29.4483451843,"35":30.2217159271,"36":30.8858699799,"37":29.0693283081,"38":30.2080917358,"39":30.9969978333,"40":30.7708244324,"41":31.7477054596,"42":30.1166267395,"43":30.9164524078,"44":30.4437160492,"45":30.1256771088,"46":30.4856395721,"47":29.634727478,"48":30.3999023438,"49":29.9509429932},"lr":{"0":0.001,"1":0.001,"2":0.001,"3":0.001,"4":0.001,"5":0.001,"6":0.001,"7":0.001,"8":0.001,"9":0.0009048374,"10":0.0009048374,"11":0.0009048374,"12":0.0009048374,"13":0.0008187307,"14":0.0008187307,"15":0.0008187307,"16":0.0008187307,"17":0.0008187307,"18":0.0007408181,"19":0.0007408181,"20":0.0007408181,"21":0.0006703199,"22":0.0006703199,"23":0.0006703199,"24":0.0006065305,"25":0.0006065305,"26":0.0006065305,"27":0.0006065305,"28":0.0006065305,"29":0.0006065305,"30":0.0005488115,"31":0.0005488115,"32":0.0005488115,"33":0.0004965851,"34":0.0004965851,"35":0.0004965851,"36":0.0004493287,"37":0.0004493287,"38":0.0004493287,"39":0.0004493287,"40":0.0004065694,"41":0.0004065694,"42":0.0004065694,"43":0.0003678792,"44":0.0003678792,"45":0.0003678792,"46":0.0003328708,"47":0.0003328708,"48":0.0003328708,"49":0.000301194}}