{"loss":{"0":6803.2817382812,"1":1577.2653808594,"2":1342.2371826172,"3":1170.8986816406,"4":577.7504272461,"5":370.1965026855,"6":271.1722717285,"7":226.7655029297,"8":178.5331878662,"9":139.3954162598,"10":128.6685333252,"11":113.3319549561,"12":102.6404342651,"13":104.2116699219,"14":94.6862411499,"15":91.0378799438,"16":97.3730392456,"17":91.0102310181,"18":93.3018341064,"19":86.9463195801,"20":92.5775299072,"21":91.5876846313,"22":88.2605209351,"23":88.5287704468,"24":82.6269226074,"25":84.8990020752,"26":83.066444397,"27":87.5259170532,"28":83.351234436,"29":80.5773239136,"30":85.5524902344,"31":80.087310791,"32":84.3160018921,"33":81.4569168091,"34":87.8740005493,"35":77.1036758423,"36":76.8241653442,"37":82.8378448486,"38":84.6065673828,"39":72.3899078369,"40":73.7412414551,"41":80.0797805786,"42":76.5059814453,"43":79.5179443359,"44":82.298866272,"45":80.8901824951,"46":77.7243804932,"47":76.8975524902,"48":80.2005081177,"49":77.0682373047},"PSNR":{"0":13.4691648483,"1":18.9941444397,"2":19.0274887085,"3":20.2257003784,"4":23.7929058075,"5":25.4403858185,"6":27.1332683563,"7":28.3043651581,"8":29.2363090515,"9":30.2498512268,"10":31.411687851,"11":33.140663147,"12":33.3852615356,"13":33.6327552795,"14":33.6255378723,"15":34.3151893616,"16":32.8238067627,"17":32.4857177734,"18":33.3654518127,"19":34.2535324097,"20":33.5172729492,"21":35.1989631653,"22":34.9907798767,"23":34.2753143311,"24":35.3218612671,"25":34.3406257629,"26":35.3680152893,"27":34.5643348694,"28":35.7315864563,"29":34.750328064,"30":34.8439865112,"31":35.1995887756,"32":34.5855445862,"33":35.7900619507,"34":34.0962677002,"35":35.1075668335,"36":34.750164032,"37":34.8343276978,"38":34.0390892029,"39":35.7267875671,"40":34.9953613281,"41":34.6187210083,"42":36.0168685913,"43":35.2079429626,"44":35.0389175415,"45":35.9857521057,"46":35.7706451416,"47":35.1209869385,"48":35.7796936035,"49":36.0374984741},"val_loss":{"0":1896.3835449219,"1":1411.3338623047,"2":1420.5748291016,"3":877.3270263672,"4":421.4479675293,"5":302.6895751953,"6":257.2149658203,"7":200.5254821777,"8":153.2775268555,"9":148.3088989258,"10":91.1824188232,"11":91.6936264038,"12":93.2583389282,"13":86.3436737061,"14":82.2228546143,"15":84.2813110352,"16":92.1595306396,"17":84.2666397095,"18":68.8659973145,"19":93.2865905762,"20":77.1021652222,"21":67.005859375,"22":81.8847579956,"23":97.5108947754,"24":76.7904510498,"25":68.0406188965,"26":72.1258468628,"27":62.7976226807,"28":104.2165603638,"29":73.2788314819,"30":74.8238983154,"31":89.8921356201,"32":79.0847091675,"33":76.8609390259,"34":71.0250091553,"35":60.6734237671,"36":75.089225769,"37":78.877243042,"38":67.6246948242,"39":68.3513336182,"40":71.3095932007,"41":75.3012466431,"42":85.0738677979,"43":74.2315368652,"44":67.4907455444,"45":79.9049682617,"46":67.271697998,"47":83.8857116699,"48":82.1119613647,"49":65.8830566406},"val_PSNR":{"0":17.0959529877,"1":18.8180465698,"2":18.7403564453,"3":20.7108097076,"4":24.6686763763,"5":25.782907486,"6":27.6700553894,"7":28.271074295,"8":29.1740398407,"9":30.2430267334,"10":32.2054100037,"11":32.5114707947,"12":33.5545196533,"13":34.0354995728,"14":33.9122047424,"15":33.2469139099,"16":33.7958526611,"17":32.4922485352,"18":34.6326141357,"19":33.5891304016,"20":33.6586647034,"21":34.5472984314,"22":34.5242538452,"23":32.8497009277,"24":34.9438285828,"25":35.137096405,"26":34.9661903381,"27":35.3906402588,"28":30.779045105,"29":34.9968147278,"30":34.6902770996,"31":34.3013038635,"32":34.9633331299,"33":34.8508491516,"34":35.3101158142,"35":36.2794761658,"36":35.355178833,"37":34.0733680725,"38":35.2598304749,"39":34.7304000854,"40":34.4120368958,"41":34.7305831909,"42":34.4424743652,"43":35.3039932251,"44":35.5684242249,"45":35.3217735291,"46":35.4250259399,"47":35.5446510315,"48":34.9971427917,"49":36.1264762878},"lr":{"0":0.001,"1":0.001,"2":0.001,"3":0.001,"4":0.001,"5":0.001,"6":0.001,"7":0.001,"8":0.001,"9":0.001,"10":0.001,"11":0.001,"12":0.001,"13":0.001,"14":0.001,"15":0.001,"16":0.001,"17":0.001,"18":0.0009048374,"19":0.0009048374,"20":0.0009048374,"21":0.0009048374,"22":0.0009048374,"23":0.0009048374,"24":0.0009048374,"25":0.0008187307,"26":0.0008187307,"27":0.0008187307,"28":0.0008187307,"29":0.0008187307,"30":0.0008187307,"31":0.0007408181,"32":0.0007408181,"33":0.0007408181,"34":0.0006703199,"35":0.0006703199,"36":0.0006703199,"37":0.0006703199,"38":0.0006703199,"39":0.0006065305,"40":0.0006065305,"41":0.0006065305,"42":0.0005488115,"43":0.0005488115,"44":0.0005488115,"45":0.0004965851,"46":0.0004965851,"47":0.0004965851,"48":0.0004493287,"49":0.0004493287}}