{"loss":{"0":58.5618782043,"1":20.2824935913,"2":13.5513801575,"3":11.6785383224,"4":10.4497718811,"5":10.1008720398,"6":9.3163204193,"7":9.1662712097,"8":9.7491569519,"9":8.3589229584,"10":9.0726709366,"11":8.9024705887,"12":7.8985610008,"13":7.7376351357,"14":7.434343338,"15":7.3771772385,"16":7.6467556953,"17":7.0826516151,"18":7.2502026558,"19":7.014023304,"20":6.7338757515,"21":6.8233685493,"22":6.6998319626,"23":6.5795001984,"24":6.6471576691,"25":6.2281498909,"26":6.4477953911,"27":6.3878026009,"28":5.8333892822,"29":6.180305481,"30":6.0816750526,"31":5.8276228905,"32":5.9884586334,"33":5.7689566612,"34":5.8108139038,"35":6.22159338,"36":5.5896892548,"37":5.5799221992,"38":5.5617194176,"39":5.6253461838,"40":6.0790009499,"41":5.4593777657,"42":5.9511237144,"43":5.6334476471,"44":5.6585793495,"45":5.9232368469,"46":5.6420416832,"47":5.3590211868,"48":5.3503170013,"49":5.3494300842},"PSNR":{"0":13.0746145248,"1":19.3237190247,"2":21.7092819214,"3":22.7985858917,"4":23.456829071,"5":23.4907283783,"6":24.2741756439,"7":24.0724544525,"8":24.6892871857,"9":25.4917163849,"10":25.384311676,"11":25.6446285248,"12":26.0708694458,"13":27.0113353729,"14":28.3662052155,"15":26.5950393677,"16":27.7687625885,"17":28.1439800262,"18":27.6478977203,"19":28.0609111786,"20":27.9671440125,"21":28.5852718353,"22":29.0810489655,"23":28.309135437,"24":29.3046875,"25":29.1816158295,"26":30.7208786011,"27":31.0163593292,"28":30.8102493286,"29":31.1644821167,"30":31.760471344,"31":31.9061660767,"32":31.7188606262,"33":31.9535694122,"34":32.0765838623,"35":31.8271903992,"36":31.3052368164,"37":32.9528846741,"38":32.8383636475,"39":32.2915916443,"40":31.6754417419,"41":33.7811851501,"42":31.2325153351,"43":32.5531654358,"44":31.590637207,"45":33.325340271,"46":33.3093414307,"47":32.3333435059,"48":33.37840271,"49":33.1443748474},"val_loss":{"0":23.186914444,"1":17.0640716553,"2":12.3133897781,"3":10.9386167526,"4":10.3570890427,"5":10.7228298187,"6":9.3657169342,"7":9.0365657806,"8":9.3535404205,"9":7.7235341072,"10":9.3065233231,"11":8.271935463,"12":8.0563774109,"13":7.1834702492,"14":7.1300492287,"15":6.6461305618,"16":7.6181697845,"17":7.7879991531,"18":7.1956481934,"19":6.129960537,"20":7.17608881,"21":6.7020959854,"22":6.233900547,"23":6.3585524559,"24":6.0573191643,"25":6.366247654,"26":6.9480938911,"27":5.6478366852,"28":6.7609672546,"29":5.7864112854,"30":5.6176981926,"31":5.6149888039,"32":5.77866745,"33":5.4668464661,"34":6.8371496201,"35":6.054977417,"36":6.574110508,"37":5.7094922066,"38":5.6538934708,"39":5.3438653946,"40":6.2637104988,"41":5.3405013084,"42":6.3467869759,"43":5.5132017136,"44":5.0314807892,"45":5.5906066895,"46":5.1580491066,"47":5.736893177,"48":5.2813572884,"49":5.4126281738},"val_PSNR":{"0":18.6113491058,"1":20.3348770142,"2":22.0256195068,"3":22.3969020844,"4":23.1065292358,"5":23.7724094391,"6":24.3245010376,"7":24.7900161743,"8":24.9660739899,"9":25.4019088745,"10":25.0798454285,"11":25.2007217407,"12":26.1279125214,"13":26.6013011932,"14":26.6151885986,"15":27.7521533966,"16":26.9296703339,"17":26.9292411804,"18":26.7841720581,"19":28.3077411652,"20":26.9769802094,"21":28.0433254242,"22":28.606470108,"23":28.8790454865,"24":29.6990337372,"25":29.502784729,"26":29.5577449799,"27":31.1373176575,"28":29.7621078491,"29":31.1972942352,"30":31.4546279907,"31":31.5583877563,"32":31.3709201813,"33":31.6801147461,"34":30.3771896362,"35":31.7745094299,"36":30.382610321,"37":31.8243141174,"38":31.4247493744,"39":32.2679328918,"40":30.5680122375,"41":32.0961761475,"42":31.0191745758,"43":31.8161239624,"44":32.2954063416,"45":31.7118301392,"46":32.362159729,"47":31.8066577911,"48":31.7994270325,"49":32.0521812439},"lr":{"0":0.001,"1":0.001,"2":0.001,"3":0.001,"4":0.001,"5":0.001,"6":0.001,"7":0.001,"8":0.001,"9":0.001,"10":0.001,"11":0.001,"12":0.001,"13":0.0009048374,"14":0.0009048374,"15":0.0009048374,"16":0.0009048374,"17":0.0009048374,"18":0.0009048374,"19":0.0008187307,"20":0.0008187307,"21":0.0008187307,"22":0.0008187307,"23":0.0007408181,"24":0.0007408181,"25":0.0007408181,"26":0.0007408181,"27":0.0007408181,"28":0.0007408181,"29":0.0007408181,"30":0.0007408181,"31":0.0007408181,"32":0.0007408181,"33":0.0007408181,"34":0.0007408181,"35":0.0007408181,"36":0.0007408181,"37":0.0006703199,"38":0.0006703199,"39":0.0006703199,"40":0.0006703199,"41":0.0006703199,"42":0.0006703199,"43":0.0006703199,"44":0.0006703199,"45":0.0006703199,"46":0.0006703199,"47":0.0006703199,"48":0.0006065305,"49":0.0006065305}}