{"loss":{"0":6.6506466866,"1":6.7785024643},"PSNR":{"0":34.4841156006,"1":34.1291389465},"val_loss":{"0":9.9982099533,"1":10.0006971359},"val_PSNR":{"0":24.466375351,"1":24.4578781128},"lr":{"0":0.0000450491,"1":0.0000450491}}