{"loss":{"0":3.7352676392,"1":3.8716785908,"2":3.9199020863,"3":3.8417339325,"4":3.9592177868,"5":3.8833470345,"6":3.8202769756,"7":3.9230988026,"8":3.8416888714,"9":3.7429647446,"10":3.9252426624,"11":3.8641519547,"12":3.8395872116,"13":3.9979031086,"14":3.7578406334,"15":3.8775758743,"16":3.9837360382,"17":3.8574020863,"18":3.7970039845,"19":3.760997057,"20":3.8823027611,"21":3.8536701202,"22":3.8645637035,"23":3.7587385178,"24":4.0128846169,"25":3.7450802326,"26":3.7892796993,"27":3.7738311291,"28":3.7818126678,"29":3.7583546638,"30":3.7880613804,"31":3.8736424446,"32":3.8789536953,"33":3.7186179161,"34":3.9231657982,"35":3.9622244835,"36":3.7629835606,"37":3.8961753845,"38":3.8542058468,"39":3.8682262897,"40":3.8920412064,"41":3.7428102493,"42":3.7716543674,"43":3.8016929626,"44":3.8314316273,"45":3.8420338631,"46":3.8620352745,"47":3.8433420658,"48":3.7426242828,"49":3.9515237808,"50":3.8834531307,"51":3.8241732121,"52":3.7358922958,"53":3.7782487869,"54":3.9135229588,"55":3.8573918343,"56":3.8326714039,"57":3.908205986,"58":3.7786459923,"59":3.8156189919,"60":3.777705431,"61":3.7371184826,"62":3.8702223301,"63":3.6914851665,"64":3.7935562134,"65":3.9396550655,"66":3.8997075558,"67":3.8671915531,"68":3.9218285084,"69":3.6983773708,"70":3.8982448578,"71":3.786948204,"72":4.0066585541,"73":3.8556499481,"74":3.891438961,"75":3.7504467964,"76":3.7153160572,"77":3.7931821346,"78":3.8831398487,"79":3.7749764919,"80":3.6454212666,"81":3.8999998569,"82":3.8144695759,"83":3.8701820374,"84":3.7897794247,"85":3.8640267849,"86":3.7249145508,"87":3.9195051193,"88":3.757506609,"89":3.8093521595,"90":3.8595936298,"91":3.7407188416,"92":3.7774682045,"93":3.7276329994,"94":3.8527419567,"95":3.9660887718,"96":3.7924556732,"97":3.7766909599,"98":3.7575559616,"99":3.8213670254},"PSNR":{"0":37.7481384277,"1":36.2408332825,"2":38.4259223938,"3":38.4142532349,"4":36.7255477905,"5":38.6691246033,"6":38.2690124512,"7":37.5977897644,"8":37.7975273132,"9":37.899307251,"10":36.680065155,"11":38.1726989746,"12":36.6721687317,"13":37.2211875916,"14":37.2125091553,"15":36.644203186,"16":37.0850563049,"17":37.7103805542,"18":37.7749328613,"19":38.7419052124,"20":37.7125663757,"21":37.6090240479,"22":37.8004989624,"23":37.5982971191,"24":39.1531257629,"25":38.34532547,"26":37.880531311,"27":38.3927268982,"28":37.6720924377,"29":38.4515151978,"30":37.1290512085,"31":38.5764045715,"32":37.4047775269,"33":37.8805274963,"34":38.8195571899,"35":37.5892562866,"36":38.1993522644,"37":39.0476112366,"38":36.8363685608,"39":36.8263816833,"40":38.8527145386,"41":37.7197570801,"42":36.8722114563,"43":38.4334220886,"44":37.3275108337,"45":38.5030670166,"46":37.8851470947,"47":37.0667800903,"48":37.1417770386,"49":38.0967292786,"50":37.211643219,"51":39.1048583984,"52":37.1081504822,"53":37.5746574402,"54":37.351272583,"55":37.9019584656,"56":38.0097503662,"57":37.323097229,"58":37.9938240051,"59":38.366645813,"60":38.1581764221,"61":38.4776992798,"62":37.9870872498,"63":38.4723129272,"64":38.4046630859,"65":38.432674408,"66":38.5481452942,"67":37.8936347961,"68":38.4965591431,"69":38.3640403748,"70":37.7509918213,"71":38.9793128967,"72":38.1488876343,"73":38.0448112488,"74":38.4619102478,"75":38.0791473389,"76":37.8802223206,"77":37.4358787537,"78":37.4488677979,"79":37.5282440186,"80":38.9411849976,"81":37.5482940674,"82":37.9634742737,"83":37.1228179932,"84":37.822769165,"85":37.3372383118,"86":39.48229599,"87":36.7559814453,"88":37.5566291809,"89":36.7927513123,"90":37.4011917114,"91":37.7946662903,"92":38.3298454285,"93":37.5146026611,"94":37.1024475098,"95":37.3522224426,"96":37.6464881897,"97":38.9556312561,"98":38.3217811584,"99":38.3036460876},"val_loss":{"0":1.0952601433,"1":1.0939458609,"2":1.0944750309,"3":1.0981403589,"4":1.0953603983,"5":1.0945277214,"6":1.0955665112,"7":1.0951430798,"8":1.0931783915,"9":1.0966267586,"10":1.0988274813,"11":1.0968997478,"12":1.095369935,"13":1.0947383642,"14":1.0955278873,"15":1.1179794073,"16":1.0976990461,"17":1.0943435431,"18":1.0943454504,"19":1.0925337076,"20":1.0957239866,"21":1.0951769352,"22":1.0973072052,"23":1.0980690718,"24":1.0945129395,"25":1.0953111649,"26":1.0934586525,"27":1.0940630436,"28":1.0933402777,"29":1.092166543,"30":1.0943143368,"31":1.0968520641,"32":1.0935846567,"33":1.0940539837,"34":1.0960936546,"35":1.0946387053,"36":1.0946358442,"37":1.0951291323,"38":1.0960963964,"39":1.0956071615,"40":1.0941991806,"41":1.0973131657,"42":1.0963455439,"43":1.0957844257,"44":1.0928527117,"45":1.0978878736,"46":1.0946285725,"47":1.0931754112,"48":1.0947269201,"49":1.0930711031,"50":1.0922378302,"51":1.0926837921,"52":1.0958923101,"53":1.0941169262,"54":1.0954681635,"55":1.0934587717,"56":1.0946348906,"57":1.0939456224,"58":1.0931241512,"59":1.0941488743,"60":1.0962760448,"61":1.0964378119,"62":1.0928989649,"63":1.0958738327,"64":1.0965583324,"65":1.0941370726,"66":1.0937823057,"67":1.1028629541,"68":1.0927984715,"69":1.0930207968,"70":1.0945296288,"71":1.0943031311,"72":1.0935968161,"73":1.0928776264,"74":1.0941570997,"75":1.0965909958,"76":1.0944098234,"77":1.0930701494,"78":1.0948382616,"79":1.095731616,"80":1.0916068554,"81":1.0929304361,"82":1.0952566862,"83":1.0978765488,"84":1.0945550203,"85":1.0937241316,"86":1.0948548317,"87":1.0924454927,"88":1.0923550129,"89":1.0934749842,"90":1.0904666185,"91":1.0935266018,"92":1.094190836,"93":1.0934768915,"94":1.094239831,"95":1.0944472551,"96":1.1033719778,"97":1.0930508375,"98":1.0927910805,"99":1.0944807529},"val_PSNR":{"0":43.2827377319,"1":43.310256958,"2":43.2942848206,"3":43.2521972656,"4":43.291809082,"5":43.2898597717,"6":43.2788505554,"7":43.2885322571,"8":43.3144950867,"9":43.2602996826,"10":43.2727279663,"11":43.2560424805,"12":43.2840309143,"13":43.2976837158,"14":43.2730064392,"15":43.1908416748,"16":43.2450141907,"17":43.2881202698,"18":43.2868461609,"19":43.3341064453,"20":43.2838401794,"21":43.2875366211,"22":43.2432670593,"23":43.2841949463,"24":43.2849273682,"25":43.2741851807,"26":43.313457489,"27":43.2888870239,"28":43.3188972473,"29":43.3248443604,"30":43.290725708,"31":43.2451438904,"32":43.2952346802,"33":43.2986221313,"34":43.2821617126,"35":43.2887306213,"36":43.2723808289,"37":43.2791976929,"38":43.2659072876,"39":43.2894439697,"40":43.3109207153,"41":43.2940711975,"42":43.2936706543,"43":43.2806053162,"44":43.3138961792,"45":43.271446228,"46":43.2960510254,"47":43.2983360291,"48":43.2839546204,"49":43.3145523071,"50":43.3151397705,"51":43.3085823059,"52":43.2944335938,"53":43.2808837891,"54":43.3057289124,"55":43.2918014526,"56":43.2771110535,"57":43.2906684875,"58":43.2980880737,"59":43.3026123047,"60":43.2723083496,"61":43.2747917175,"62":43.3218460083,"63":43.3044204712,"64":43.3025360107,"65":43.302696228,"66":43.2857513428,"67":43.285194397,"68":43.3102302551,"69":43.316608429,"70":43.27866745,"71":43.2887001038,"72":43.3003883362,"73":43.302520752,"74":43.2820243835,"75":43.2649917603,"76":43.2769737244,"77":43.3079299927,"78":43.2967681885,"79":43.2785224915,"80":43.3303375244,"81":43.308883667,"82":43.2777366638,"83":43.2663459778,"84":43.2722244263,"85":43.2904548645,"86":43.2693061829,"87":43.3234710693,"88":43.3098831177,"89":43.3161582947,"90":43.3384590149,"91":43.2993507385,"92":43.2850112915,"93":43.2891159058,"94":43.2985153198,"95":43.2755317688,"96":43.2442207336,"97":43.3039627075,"98":43.3003959656,"99":43.2756652832},"lr":{"0":0.00001,"1":0.00001,"2":0.00001,"3":0.00001,"4":0.00001,"5":0.00001,"6":0.00001,"7":0.00001,"8":0.00001,"9":0.00001,"10":0.00001,"11":0.00001,"12":0.00001,"13":0.00001,"14":0.00001,"15":0.00001,"16":0.00001,"17":0.00001,"18":0.00001,"19":0.00001,"20":0.00001,"21":0.00001,"22":0.00001,"23":0.00001,"24":0.00001,"25":0.00001,"26":0.00001,"27":0.00001,"28":0.00001,"29":0.00001,"30":0.00001,"31":0.00001,"32":0.00001,"33":0.00001,"34":0.00001,"35":0.00001,"36":0.00001,"37":0.00001,"38":0.00001,"39":0.00001,"40":0.00001,"41":0.00001,"42":0.00001,"43":0.00001,"44":0.00001,"45":0.00001,"46":0.00001,"47":0.00001,