{"loss":{"0":1942.2102050781,"1":500.6132202148,"2":388.5161132812,"3":328.0213012695,"4":283.3070373535,"5":271.039855957,"6":259.591583252,"7":265.9008178711,"8":236.9007720947,"9":233.4658203125,"10":242.8725128174,"11":245.6410827637,"12":220.2349853516,"13":240.3729705811,"14":218.8106231689,"15":210.5717926025,"16":219.0865631104,"17":221.1016235352,"18":222.2020568848,"19":235.3403930664,"20":211.7113952637,"21":231.7375946045,"22":217.4433441162,"23":217.907043457,"24":207.9395141602,"25":206.0564880371,"26":196.1317443848,"27":215.2863006592,"28":207.8347930908,"29":220.1896972656,"30":224.9824523926,"31":204.1900634766,"32":214.3826751709,"33":201.9733428955,"34":205.6184387207,"35":207.0563049316,"36":218.3551330566,"37":200.8182525635,"38":211.1436004639,"39":192.0348052979,"40":205.2209777832,"41":206.3114471436,"42":204.2080841064,"43":203.9764862061,"44":205.6355438232,"45":200.7130432129,"46":211.7405853271,"47":207.4992218018,"48":199.3258514404,"49":213.363861084},"PSNR":{"0":18.3999118805,"1":23.543340683,"2":25.3826904297,"3":26.5540771484,"4":27.2366600037,"5":28.4963264465,"6":28.8803195953,"7":29.6191253662,"8":29.3180446625,"9":29.8155784607,"10":30.1282424927,"11":29.1632881165,"12":29.5430622101,"13":30.0963592529,"14":29.2426128387,"15":31.3706378937,"16":31.6687011719,"17":31.5496101379,"18":31.9882316589,"19":30.1800785065,"20":31.1498432159,"21":31.7351322174,"22":30.7494220734,"23":31.3288574219,"24":31.1191177368,"25":32.6345787048,"26":30.9482269287,"27":31.1254463196,"28":31.353679657,"29":31.4113311768,"30":32.9529037476,"31":31.7242202759,"32":32.9872055054,"33":31.4079647064,"34":30.4199981689,"35":31.7306098938,"36":31.7230644226,"37":30.5186004639,"38":31.5040035248,"39":32.4261894226,"40":33.5835533142,"41":33.4191017151,"42":31.9289131165,"43":32.9830970764,"44":32.4858970642,"45":31.4915790558,"46":32.4972991943,"47":31.2718734741,"48":32.0729980469,"49":30.4185695648},"val_loss":{"0":546.6544189453,"1":416.6840820312,"2":361.6455993652,"3":327.8168945312,"4":317.6478271484,"5":299.0496520996,"6":290.6377258301,"7":286.9904785156,"8":280.9242553711,"9":277.6372680664,"10":276.5880126953,"11":271.0918273926,"12":269.3744812012,"13":267.5508728027,"14":265.7034301758,"15":265.3444824219,"16":264.380645752,"17":263.2336730957,"18":265.2828369141,"19":261.1243896484,"20":261.090423584,"21":262.4349365234,"22":259.1112365723,"23":259.8311157227,"24":257.846862793,"25":258.8677062988,"26":257.5734863281,"27":258.5542297363,"28":258.7364807129,"29":256.8986816406,"30":256.2868347168,"31":256.4328613281,"32":255.9141693115,"33":255.619430542,"34":256.3690795898,"35":254.8079833984,"36":254.819732666,"37":255.5033111572,"38":254.2373046875,"39":254.4539031982,"40":253.8902435303,"41":253.7740020752,"42":253.9118804932,"43":253.9233093262,"44":253.4369812012,"45":253.4663391113,"46":252.96824646,"47":252.5567169189,"48":253.894821167,"49":258.0503540039},"val_PSNR":{"0":20.7536754608,"1":21.9327354431,"2":22.5479717255,"3":22.974489212,"4":23.1113433838,"5":23.3733692169,"6":23.4972839355,"7":23.5521278381,"8":23.6449108124,"9":23.6960258484,"10":23.712469101,"11":23.7996387482,"12":23.8272380829,"13":23.8567390442,"14":23.8868312836,"15":23.8927021027,"16":23.9085083008,"17":23.9273872375,"18":23.8937129974,"19":23.9623298645,"20":23.9628925323,"21":23.9405879974,"22":23.9959392548,"23":23.9838924408,"24":24.0171852112,"25":24.0000228882,"26":24.0217933655,"27":24.0052871704,"28":24.0022277832,"29":24.0331840515,"30":24.0435409546,"31":24.0410671234,"32":24.0498600006,"33":24.0548648834,"34":24.0421466827,"35":24.0686740875,"36":24.0684719086,"37":24.0568389893,"38":24.0784111023,"39":24.0747127533,"40":24.0843429565,"41":24.0863323212,"42":24.0839729309,"43":24.0837783813,"44":24.0921039581,"45":24.0916004181,"46":24.10014534,"47":24.107213974,"48":24.0842647552,"49":24.0137577057},"lr":{"0":0.0003,"1":0.0003,"2":0.0003,"3":0.0003,"4":0.0003,"5":0.0003,"6":0.0003,"7":0.0003,"8":0.0003,"9":0.0003,"10":0.0003,"11":0.0003,"12":0.0003,"13":0.0003,"14":0.0003,"15":0.0003,"16":0.0003,"17":0.0003,"18":0.0003,"19":0.0003,"20":0.0003,"21":0.0003,"22":0.0003,"23":0.0003,"24":0.0003,"25":0.0003,"26":0.0003,"27":0.0003,"28":0.0003,"29":0.0003,"30":0.0003,"31":0.0003,"32":0.0003,"33":0.0003,"34":0.0003,"35":0.0003,"36":0.0003,"37":0.0003,"38":0.0003,"39":0.0003,"40":0.0003,"41":0.0003,"42":0.0003,"43":0.0003,"44":0.0003,"45":0.0003,"46":0.0003,"47":0.0003,"48":0.0003,"49":0.0003}}