{"loss":{"0":14.2846012115,"1":8.7122888565,"2":8.3963537216,"3":8.2951602936,"4":8.3002681732,"5":8.0310668945,"6":7.8562135696,"7":7.941385746,"8":7.9469370842,"9":7.9177117348,"10":8.0386867523,"11":7.575009346,"12":7.6898403168,"13":7.7118887901,"14":7.6919393539,"15":7.9457483292,"16":7.7794995308,"17":7.6654839516,"18":7.7264666557,"19":7.8208327293,"20":7.5871553421,"21":7.5586266518,"22":7.6659860611,"23":7.466697216,"24":7.4281148911,"25":7.5148038864,"26":7.5532002449,"27":7.5391578674,"28":7.6162834167,"29":7.6094608307,"30":7.5140023232,"31":7.5914902687,"32":7.6112298965,"33":7.4124174118,"34":7.6036839485,"35":7.5539507866,"36":7.5270514488,"37":7.8075985909,"38":7.5009489059,"39":7.3133134842,"40":7.6145896912,"41":7.5640473366,"42":7.5243020058,"43":7.4626879692,"44":7.412779808,"45":7.7037124634,"46":7.5836830139,"47":7.4718847275,"48":7.6104607582,"49":7.842341423,"50":7.0781230927,"51":7.4211831093,"52":7.7075753212,"53":7.5385551453,"54":7.7963805199,"55":7.3812685013,"56":7.3710484505,"57":7.5281376839,"58":7.4299316406,"59":7.6497325897,"60":7.3234300613,"61":7.6508803368,"62":7.4044551849,"63":7.2116799355,"64":7.2869610786,"65":7.4970574379,"66":7.2007422447,"67":7.5401816368,"68":7.2410831451,"69":7.2551350594,"70":7.5005846024,"71":7.2542243004,"72":7.2474117279,"73":7.2821087837,"74":7.1383485794,"75":7.4112277031,"76":7.4541015625,"77":7.2850914001,"78":7.2013883591,"79":7.1225676537,"80":7.6797933578,"81":7.1946620941,"82":7.1482424736,"83":7.2518792152,"84":7.3044352531,"85":7.1817498207,"86":7.3971982002,"87":7.3197841644,"88":7.1624917984,"89":7.4671316147,"90":7.1195650101,"91":7.2773327827,"92":7.4973168373,"93":7.1344032288,"94":7.3903064728,"95":7.4224362373,"96":7.3528790474,"97":7.2034277916,"98":7.1058721542,"99":7.1974253654},"PSNR":{"0":25.6223373413,"1":28.2191104889,"2":30.2119255066,"3":29.9827899933,"4":30.2391700745,"5":31.5308380127,"6":31.6139259338,"7":29.8813991547,"8":30.66822052,"9":32.1184844971,"10":30.2234153748,"11":32.7712516785,"12":31.3400611877,"13":31.0084114075,"14":31.9717121124,"15":29.9422607422,"16":31.8160991669,"17":31.9520454407,"18":31.523065567,"19":31.3545780182,"20":33.0789642334,"21":31.7683982849,"22":30.9484672546,"23":30.2335319519,"24":32.1375579834,"25":32.2022018433,"26":31.9425926208,"27":31.2844696045,"28":30.2351531982,"29":31.3533592224,"30":32.5145301819,"31":32.7375259399,"32":32.1033287048,"33":32.240737915,"34":32.6094741821,"35":31.6698150635,"36":32.0113868713,"37":31.4728546143,"38":33.5120048523,"39":32.0517196655,"40":31.7129268646,"41":32.5878372192,"42":32.0610771179,"43":31.6242351532,"44":34.26222229,"45":31.3654670715,"46":31.3636188507,"47":32.1261482239,"48":32.4056243896,"49":32.0605773926,"50":32.9788856506,"51":32.5315628052,"52":31.8129463196,"53":31.7896118164,"54":31.8641281128,"55":34.1387367249,"56":32.130027771,"57":31.7392139435,"58":31.6292724609,"59":32.3340759277,"60":31.8327350616,"61":32.1321258545,"62":32.2083015442,"63":33.6310806274,"64":33.5494194031,"65":33.0821800232,"66":33.7079200745,"67":32.1739425659,"68":33.0844841003,"69":34.2602272034,"70":31.8753108978,"71":34.3960876465,"72":32.3710823059,"73":32.8516616821,"74":34.1841850281,"75":32.7394332886,"76":33.5129089355,"77":32.0237541199,"78":31.7243022919,"79":32.279460907,"80":30.5529403687,"81":33.7702064514,"82":34.0180740356,"83":34.0008125305,"84":33.8947715759,"85":33.1851959229,"86":32.2004585266,"87":33.2040901184,"88":32.6162528992,"89":32.2640914917,"90":34.8162231445,"91":33.2248687744,"92":31.1282615662,"93":32.0111351013,"94":31.8482227325,"95":34.4355697632,"96":32.7613983154,"97":32.6200561523,"98":32.9523162842,"99":32.4967460632},"val_loss":{"0":7.7922515869,"1":7.6967353821,"2":7.9715600014,"3":7.8582983017,"4":6.6920118332,"5":6.948697567,"6":7.3309111595,"7":7.4311876297,"8":7.4972062111,"9":7.8647527695,"10":6.3117341995,"11":6.8616762161,"12":7.2198624611,"13":6.6936421394,"14":6.9223690033,"15":6.7901000977,"16":6.8371596336,"17":7.0289158821,"18":7.4933204651,"19":6.109834671,"20":7.2597694397,"21":6.5704274178,"22":6.9791564941,"23":7.3367028236,"24":7.7180933952,"25":6.6665153503,"26":7.5343437195,"27":6.8635296822,"28":7.7713074684,"29":7.0060744286,"30":7.7063951492,"31":6.8999328613,"32":6.8012371063,"33":7.1142845154,"34":7.3879027367,"35":7.7538967133,"36":7.1609654427,"37":7.0748167038,"38":6.7675046921,"39":6.7072467804,"40":6.885453701,"41":6.9839324951,"42":7.1720108986,"43":5.8610692024,"44":6.0945630074,"45":6.9622850418,"46":6.9862365723,"47":5.938873291,"48":7.0815830231,"49":7.3229603767,"50":6.9184465408,"51":7.4822125435,"52":5.9268870354,"53":6.805398941,"54":7.3810224533,"55":7.1304564476,"56":6.8808836937,"57":7.0864286423,"58":6.1131329536,"59":6.5215864182,"60":6.1046543121,"61":7.5137996674,"62":6.5595579147,"63":6.77744627,"64":6.7104768753,"65":7.0792756081,"66":7.0875520706,"67":6.4778985977,"68":7.1514520645,"69":6.9785404205,"70":6.8718562126,"71":6.1852421761,"72":5.9966163635,"73":7.1204571724,"74":6.7986383438,"75":6.7918272018,"76":6.6553888321,"77":6.5398769379,"78":7.1631455421,"79":7.2958483696,"80":6.5555500984,"81":6.6846065521,"82":6.600883007,"83":6.1495084763,"84":6.3212962151,"85":6.9016819,"86":6.5652241707,"87":5.6114172935,"88":7.0666127205,"89":6.1570978165,"90":6.998295784,"91":6.671356678,"92":6.7125968933,"93":6.5657634735,"94":7.5901970863,"95":6.3123478889,"96":6.1617393494,"97":6.8179097176,"98":6.580370903,"99":7.1055078506},"val_PSNR":{"0":29.3933372498,"1":29.6867904663,"2":29.901922226,"3":29.8032932281,"4":31.1940040588,"5":30.8601570129,"6":30.7119026184,"7":30.2901515961,"8":30.7750015259,"9":30.1687812805,"10":31.6102390289,"11":31.4681777954,"12":31.241071701,"13":31.9251384735,"14":30.9763908386,"15":31.3147468567,"16":31.3613872528,"17":31.4363250732,"18":30.8811645508,"19":32.6076164246,"20":31.1534576416,"21":31.9138469696,"22":31.2279224396,"23":31.6171379089,"24":30.7577838898,"25":32.2959785461,"26":30.5109272003,"27":31.7526359558,"28":31.0827636719,"29":31.4768009186,"30":30.8600120544,"31":31.6727714539,"32":31.3386917114,"33":31.0006713867,"34":31.1962032318,"35":30.8842449188,"36":31.4732685089,"37":31.4961833954,"38":31.7245235443,"39":32.0109214783,"40":32.2873802185,"41":31.5429172516,"42":31.715959549,"43":33.5956306458,"44":33.1452865601,"45":31.33618927,"46":31.6937942505,"47":32.8306503296,"48":31.3104496002,"49":30.9778327942,"50":31.6809978485,"51":30.5373706818,"52":33.1517677307,"53":32.1114883423,"54":31.9872264862,"55":31.5259056091,"56":31.777338028,"57":32.0415725708,"58":33.0483856201,"59":33.1139831543,"60":32.874004364,"61":30.7367801666,"62":31.758272171,"63":31.9577140808,"64":31.9650611877,"65":31.1239871979,"66":31.6429862976,"67":31.9904613495,"68":31.5465946198,"69":32.0877456665,"70":31.911655426,"71":32.5185852051,"72":32.3749694824,"73":31.7310714722,"74":32.3568992615,"75":31.9625835419,"76":31.9485034943,"77":32.292098999,"78":31.6298027039,"79":31.3108673096,"80":32.2548675537,"81":32.5271987915,"82":32.6345100403,"83":32.6845741272,"84":33.0546722412,"85":32.0697441101,"86":32.4792518616,"87":34.1621665955,"88":31.8117332458,"89":33.1497955322,"90":32.0149803162,"91":33.0559844971,"92":31.8853988647,"93":32.3705825806,"94":31.1093921661,"95":32.7421264648,"96":32.7511024475,"97":32.2936668396,"98":32.2448234558,"99":31.8652172089},"lr":{"0":0.0003,"1":0.0003,"2":0.0003,"3":0.0003,"4":0.0003,"5":0.0003,"6":0.0003,"7":0.0003,"8":0.0003,"9":0.0003,"10":0.0003,"11":0.0003,"12":0.0003,"13":0.0003,"14":0.0003,"15":0.0003,"16":0.0003,"17":0.0003,"18":0.0003,"19":0.0002714512,"20":0.0002714512,"21":0.0002714512,"22":0.0002714512,"23":0.0002714512,"24":0.0002714512,"25":0.0002714512,"26":0.0002714512,"27":0.0002714512,"28":0.0002456192,"29":0.0002456192,"30":0.0002456192,"31":0.0002456192,"32":0.0002456192,"33":0.0002456192,"34":0.0002456192,"35":0.0002456192,"36":0.0002222454,"37":0.0002222454,"38":0.0002222454,"39":0.0002222454,"40":0.0002222454,