{"loss":{"0":4909.2333984375,"1":616.3358764648,"2":441.3314819336,"3":377.6656188965,"4":336.7449951172,"5":307.6404418945,"6":287.0016479492,"7":287.2347412109,"8":261.3594360352,"9":275.5422668457,"10":268.3338317871,"11":254.1242828369,"12":222.624710083,"13":234.7554626465,"14":251.1159515381,"15":226.9774475098,"16":243.8394927979,"17":223.9954833984,"18":228.6528625488,"19":217.7285766602,"20":214.7529907227,"21":223.6100616455,"22":219.4853668213,"23":224.4617462158,"24":219.3542327881,"25":233.8166046143,"26":206.8682556152,"27":214.9127197266,"28":200.7719116211,"29":213.1390991211,"30":213.3544006348,"31":222.4139709473,"32":218.9268035889,"33":210.4228057861,"34":216.3919525146,"35":219.5654144287,"36":211.9067382812,"37":224.7737884521,"38":224.889541626,"39":195.258026123,"40":215.4614257812,"41":201.5080871582,"42":217.8242340088,"43":213.6304473877,"44":216.349029541,"45":206.2460784912,"46":222.5784759521,"47":208.7679901123,"48":206.1741790771,"49":201.5634918213},"PSNR":{"0":16.9722423553,"1":22.2384567261,"2":24.1808586121,"3":25.0277862549,"4":26.2542610168,"5":27.3446559906,"6":27.6448459625,"7":26.9625587463,"8":27.8913841248,"9":27.9051017761,"10":28.0968208313,"11":29.4500827789,"12":28.590713501,"13":28.8043193817,"14":28.377456665,"15":28.7228374481,"16":29.0531711578,"17":30.3213310242,"18":29.1716213226,"19":30.7349262238,"20":31.2270526886,"21":30.0746974945,"22":29.7789916992,"23":31.2886867523,"24":30.8946113586,"25":32.3539733887,"26":31.1587982178,"27":29.9631710052,"28":31.7219409943,"29":30.8288249969,"30":32.1081924438,"31":31.2329959869,"32":29.8989639282,"33":31.6845283508,"34":30.1359519958,"35":30.9501514435,"36":32.1616973877,"37":30.3435993195,"38":30.8426570892,"39":31.1551704407,"40":31.7852878571,"41":32.7242126465,"42":31.4888057709,"43":31.4226322174,"44":32.2553215027,"45":31.5318489075,"46":33.1306304932,"47":31.2282524109,"48":30.2210407257,"49":31.1859130859},"val_loss":{"0":609.0389404297,"1":443.7950134277,"2":386.3630065918,"3":351.8009338379,"4":330.7868652344,"5":313.9075317383,"6":303.6422119141,"7":297.3201599121,"8":290.8096618652,"9":285.4854125977,"10":281.8342895508,"11":276.7995605469,"12":273.9757385254,"13":272.604888916,"14":272.0554199219,"15":269.1835632324,"16":269.6026306152,"17":270.3060302734,"18":266.3809814453,"19":265.0235595703,"20":275.8833312988,"21":263.3180541992,"22":262.3864135742,"23":261.838470459,"24":261.9320373535,"25":260.4356689453,"26":260.0715026855,"27":259.6038208008,"28":261.0442810059,"29":258.6093444824,"30":261.9049682617,"31":258.0348510742,"32":257.9697265625,"33":257.0938415527,"34":259.0389404297,"35":256.9369506836,"36":256.4991760254,"37":258.2090454102,"38":256.8339538574,"39":256.7707214355,"40":255.4297485352,"41":255.58984375,"42":263.3403320312,"43":255.2763671875,"44":254.8305206299,"45":254.606628418,"46":254.6692504883,"47":255.2492980957,"48":254.3684387207,"49":253.9645843506},"val_PSNR":{"0":20.2843513489,"1":21.6589794159,"2":22.2608470917,"3":22.6678333282,"4":22.9353218079,"5":23.1627864838,"6":23.307182312,"7":23.3985595703,"8":23.4947147369,"9":23.5749645233,"10":23.630865097,"11":23.7091503143,"12":23.7536830902,"13":23.7754669189,"14":23.7842292786,"15":23.8303165436,"16":23.8235626221,"17":23.8122463226,"18":23.8757705688,"19":23.8979587555,"20":23.7235488892,"21":23.9259967804,"22":23.9413890839,"23":23.9504680634,"24":23.9489173889,"25":23.9737987518,"26":23.9798736572,"27":23.9876918793,"28":23.9636611938,"29":24.004360199,"30":23.9493656158,"31":24.0140190125,"32":24.0151157379,"33":24.0298862457,"34":23.9971523285,"35":24.032535553,"36":24.0399436951,"37":24.011089325,"38":24.0342788696,"39":24.0353488922,"40":24.0580883026,"41":24.0553684235,"42":23.9256286621,"43":24.0606956482,"44":24.0682888031,"45":24.0721073151,"46":24.0710372925,"47":24.0611572266,"48":24.0761699677,"49":24.0830726624},"lr":{"0":0.001,"1":0.001,"2":0.001,"3":0.001,"4":0.001,"5":0.001,"6":0.001,"7":0.001,"8":0.001,"9":0.001,"10":0.001,"11":0.001,"12":0.001,"13":0.001,"14":0.001,"15":0.001,"16":0.001,"17":0.001,"18":0.001,"19":0.001,"20":0.001,"21":0.001,"22":0.001,"23":0.001,"24":0.001,"25":0.001,"26":0.001,"27":0.001,"28":0.001,"29":0.001,"30":0.001,"31":0.001,"32":0.001,"33":0.001,"34":0.001,"35":0.001,"36":0.001,"37":0.001,"38":0.001,"39":0.001,"40":0.0009048374,"41":0.0009048374,"42":0.0009048374,"43":0.0009048374,"44":0.0009048374,"45":0.0009048374,"46":0.0009048374,"47":0.0009048374,"48":0.0009048374,"49":0.0009048374}}