{"loss":{"0":87183.2890625,"1":1503.4204101562,"2":1044.7814941406,"3":805.1611938477,"4":688.5943603516,"5":594.6288452148,"6":509.485534668,"7":445.0516357422,"8":419.3961181641,"9":383.9422912598,"10":356.0005187988,"11":320.4682922363,"12":305.7012023926,"13":293.662689209,"14":266.121673584,"15":260.3279418945,"16":237.9868621826,"17":222.0478820801,"18":229.1631469727,"19":213.4664001465,"20":199.6266021729,"21":197.0073242188,"22":191.3598175049,"23":183.9313659668,"24":178.9772949219,"25":166.7030029297,"26":167.7260742188,"27":157.79296875,"28":152.5485839844,"29":152.2511444092,"30":152.2011260986,"31":144.1318054199,"32":140.5606994629,"33":130.7347106934,"34":133.3348083496,"35":137.6457519531,"36":127.7281112671,"37":126.3319396973,"38":133.1296691895,"39":119.7421112061,"40":125.015586853,"41":117.2773895264,"42":121.5623321533,"43":130.658782959,"44":110.4750747681,"45":109.5886459351,"46":113.5181503296,"47":110.8393554688,"48":112.8281173706,"49":109.662727356},"PSNR":{"0":11.8108406067,"1":18.2050457001,"2":19.7751255035,"3":21.2017211914,"4":21.6684474945,"5":22.4356956482,"6":22.9887332916,"7":24.1251392365,"8":24.2253303528,"9":25.0221481323,"10":25.45271492,"11":26.1548748016,"12":25.9016647339,"13":26.1081695557,"14":26.7360229492,"15":26.1291599274,"16":27.2101192474,"17":27.5360164642,"18":27.7755012512,"19":28.0411319733,"20":28.4050445557,"21":27.7083911896,"22":28.5511569977,"23":28.7386550903,"24":28.604970932,"25":28.6410808563,"26":29.7428607941,"27":29.488079071,"28":30.0473384857,"29":29.6172828674,"30":29.5053253174,"31":29.3442764282,"32":30.17927742,"33":30.735080719,"34":29.6757831573,"35":29.83203125,"36":30.6319923401,"37":30.3624897003,"38":31.1926631927,"39":30.2990989685,"40":30.7418651581,"41":31.0525455475,"42":31.2930622101,"43":31.3085250854,"44":31.3525562286,"45":32.0108757019,"46":31.6495361328,"47":32.4170303345,"48":31.2994270325,"49":31.2998485565},"val_loss":{"0":451.7457885742,"1":277.3507080078,"2":188.1425018311,"3":136.5938415527,"4":114.5365066528,"5":90.8759231567,"6":75.5297470093,"7":66.6786727905,"8":55.0836830139,"9":52.6563034058,"10":53.0858802795,"11":42.211139679,"12":36.2352752686,"13":37.8635482788,"14":34.7142715454,"15":29.3937988281,"16":29.6951675415,"17":26.702999115,"18":24.1095504761,"19":29.1290378571,"20":23.5499267578,"21":20.4769706726,"22":20.9151630402,"23":21.3178272247,"24":19.047296524,"25":17.2858791351,"26":17.0063343048,"27":16.3993301392,"28":17.5595378876,"29":19.9152526855,"30":19.114200592,"31":18.0887203217,"32":16.9861335754,"33":12.1944484711,"34":12.0290327072,"35":11.4452075958,"36":13.9312782288,"37":11.6953659058,"38":13.6528282166,"39":12.2630805969,"40":10.3169660568,"41":9.3048238754,"42":9.7329025269,"43":11.9550971985,"44":14.1969404221,"45":10.0634098053,"46":8.0184087753,"47":8.7099275589,"48":11.740319252,"49":10.6984758377},"val_PSNR":{"0":21.581861496,"1":23.700510025,"2":25.3859329224,"3":26.7764930725,"4":27.5413627625,"5":28.5463142395,"6":29.3496227264,"7":29.8909320831,"8":30.7205734253,"9":30.9162979126,"10":30.8810119629,"11":31.876531601,"12":32.5394897461,"13":32.3485908508,"14":32.7257232666,"15":33.4482460022,"16":33.4039459229,"17":33.8652038574,"18":34.3089103699,"19":33.4875411987,"20":34.4109077454,"21":35.0181465149,"22":34.9261894226,"23":34.843372345,"24":35.3324699402,"25":35.7538871765,"26":35.8246955872,"27":35.9825439453,"28":35.68567276,"29":35.1389465332,"30":35.3172416687,"31":35.5567245483,"32":35.8298568726,"33":37.2691802979,"34":37.3284950256,"35":37.5445671082,"36":36.6908950806,"37":37.4506645203,"38":36.7785758972,"39":37.2448043823,"40":37.9952850342,"41":38.4437217712,"42":38.2483787537,"43":37.3552703857,"44":36.6088562012,"45":38.103351593,"46":39.0899200439,"47":38.7306556702,"48":37.4340057373,"49":37.8375854492},"lr":{"0":0.001,"1":0.001,"2":0.001,"3":0.001,"4":0.001,"5":0.001,"6":0.001,"7":0.001,"8":0.001,"9":0.001,"10":0.001,"11":0.001,"12":0.001,"13":0.001,"14":0.001,"15":0.001,"16":0.001,"17":0.001,"18":0.001,"19":0.001,"20":0.001,"21":0.001,"22":0.001,"23":0.001,"24":0.001,"25":0.001,"26":0.001,"27":0.001,"28":0.001,"29":0.001,"30":0.001,"31":0.0009048374,"32":0.0009048374,"33":0.0009048374,"34":0.0009048374,"35":0.0009048374,"36":0.0009048374,"37":0.0009048374,"38":0.0009048374,"39":0.0008187307,"40":0.0008187307,"41":0.0008187307,"42":0.0008187307,"43":0.0008187307,"44":0.0008187307,"45":0.0007408181,"46":0.0007408181,"47":0.0007408181,"48":0.0007408181,"49":0.0007408181}}