{"loss":{"0":27.1812019348,"1":11.1923093796,"2":9.512755394,"3":9.746096611,"4":8.8580503464,"5":8.9516525269,"6":9.0037298203,"7":8.7988023758,"8":8.8464021683,"9":9.3802175522,"10":8.627409935,"11":8.7944555283,"12":8.2352838516,"13":8.7060260773,"14":8.4432516098,"15":7.9382381439,"16":8.054224968,"17":8.4086093903,"18":7.9596891403,"19":7.8975219727,"20":8.1406440735,"21":7.7249903679,"22":7.8754196167,"23":7.8111186028,"24":7.9912776947,"25":7.5986261368,"26":7.6369042397,"27":8.0140008926,"28":7.6066493988,"29":7.4984798431,"30":7.6681075096,"31":7.628657341,"32":7.5497627258,"33":7.2991347313,"34":7.7456483841,"35":7.3289513588,"36":7.5648508072,"37":7.8651185036,"38":7.5871181488,"39":7.608063221,"40":7.4555888176,"41":7.404311657,"42":7.5187840462,"43":7.5977005959,"44":7.5367326736,"45":7.6815843582,"46":7.4785065651,"47":7.4443268776,"48":7.3215055466,"49":7.3399319649},"PSNR":{"0":20.5208740234,"1":26.2557926178,"2":27.5117282867,"3":27.718334198,"4":29.627779007,"5":29.0920352936,"6":28.6692962646,"7":30.318069458,"8":28.484746933,"9":27.8932113647,"10":29.7167510986,"11":29.7882022858,"12":31.0403251648,"13":30.0732040405,"14":30.5550041199,"15":31.9195289612,"16":31.3754768372,"17":30.1882247925,"18":32.7787818909,"19":30.9110984802,"20":30.9209785461,"21":32.3851699829,"22":31.5114517212,"23":32.1182098389,"24":30.9666728973,"25":32.600479126,"26":33.1752853394,"27":31.1003780365,"28":31.3791351318,"29":31.5650863647,"30":31.6029644012,"31":30.6691398621,"32":32.7578773499,"33":33.4097557068,"34":31.56407547,"35":32.6612434387,"36":31.6440010071,"37":31.4208297729,"38":30.9842453003,"39":32.0442123413,"40":31.5867023468,"41":32.2824020386,"42":31.981470108,"43":31.5063285828,"44":31.7432518005,"45":32.0445632935,"46":32.4590606689,"47":32.3957939148,"48":32.0003166199,"49":32.0402755737},"val_loss":{"0":13.109588623,"1":11.7896194458,"2":11.8025741577,"3":12.4186067581,"4":11.4843235016,"5":11.1848983765,"6":11.3268985748,"7":11.4044389725,"8":10.9154882431,"9":11.6555633545,"10":11.4283533096,"11":10.9817209244,"12":11.0106143951,"13":11.1129350662,"14":11.2327728271,"15":10.8145160675,"16":10.9021615982,"17":10.9143037796,"18":11.1739187241,"19":10.6691865921,"20":10.8399925232,"21":10.8493432999,"22":10.7160129547,"23":10.77871418,"24":10.6992483139,"25":10.7507133484,"26":10.7475805283,"27":10.5708093643,"28":10.6820955276,"29":10.5890264511,"30":10.5243120193,"31":10.816403389,"32":10.4961652756,"33":10.4777622223,"34":10.51039505,"35":10.4521636963,"36":10.556137085,"37":10.6348295212,"38":10.411280632,"39":10.4404115677,"40":10.4362325668,"41":10.6477823257,"42":10.429813385,"43":10.3964223862,"44":10.5023517609,"45":10.4076013565,"46":10.4088401794,"47":10.3906259537,"48":10.4920024872,"49":10.4114465714},"val_PSNR":{"0":22.7180500031,"1":23.4572715759,"2":23.5914707184,"3":23.4811611176,"4":23.7565364838,"5":23.8543682098,"6":23.802646637,"7":23.782459259,"8":23.9728240967,"9":23.6635875702,"10":23.8063030243,"11":23.9664440155,"12":23.9525260925,"13":23.9067611694,"14":23.9164447784,"15":24.0208301544,"16":24.0073318481,"17":24.0100440979,"18":23.9390640259,"19":24.0898246765,"20":24.0419483185,"21":24.0345859528,"22":24.0800113678,"23":24.065738678,"24":24.0953845978,"25":24.0987930298,"26":24.0965862274,"27":24.1537914276,"28":24.1173744202,"29":24.1540470123,"30":24.1738109589,"31":24.1086902618,"32":24.1942615509,"33":24.2021198273,"34":24.1908740997,"35":24.2192821503,"36":24.1962947845,"37":24.1741962433,"38":24.2333431244,"39":24.2247943878,"40":24.2195968628,"41":24.1680355072,"42":24.2378349304,"43":24.2488174438,"44":24.2270545959,"45":24.2565097809,"46":24.2534446716,"47":24.2586841583,"48":24.2352809906,"49":24.2444801331},"lr":{"0":0.001,"1":0.001,"2":0.001,"3":0.001,"4":0.001,"5":0.001,"6":0.001,"7":0.001,"8":0.001,"9":0.001,"10":0.001,"11":0.001,"12":0.0009048374,"13":0.0009048374,"14":0.0009048374,"15":0.0008187307,"16":0.0008187307,"17":0.0008187307,"18":0.0008187307,"19":0.0007408181,"20":0.0007408181,"21":0.0007408181,"22":0.0007408181,"23":0.0006703199,"24":0.0006703199,"25":0.0006703199,"26":0.0006065305,"27":0.0006065305,"28":0.0006065305,"29":0.0006065305,"30":0.0006065305,"31":0.0006065305,"32":0.0006065305,"33":0.0006065305,"34":0.0006065305,"35":0.0006065305,"36":0.0006065305,"37":0.0006065305,"38":0.0006065305,"39":0.0006065305,"40":0.0006065305,"41":0.0006065305,"42":0.0005488115,"43":0.0005488115,"44":0.0005488115,"45":0.0005488115,"46":0.0005488115,"47":0.0004965851,"48":0.0004965851,"49":0.0004965851}}