{"loss":{"0":46.827495575,"1":9.5156555176,"2":7.5755906105,"3":6.3568949699,"4":6.2172989845,"5":5.5409798622,"6":5.4596219063,"7":5.5865325928,"8":5.275531292,"9":4.9404935837,"10":4.9840130806,"11":4.9607028961,"12":5.038066864,"13":4.9557218552,"14":5.0476269722,"15":4.8772816658,"16":4.8654379845,"17":4.7900915146,"18":4.636068821,"19":4.9606866837,"20":4.6995658875,"21":4.6964774132,"22":4.6749386787,"23":4.3980231285,"24":4.6499047279,"25":4.3257083893,"26":4.6388139725,"27":4.4383978844,"28":4.4083099365,"29":4.4054341316,"30":4.3983821869,"31":4.6198925972,"32":4.3725414276,"33":4.4158668518,"34":4.2830257416,"35":4.4236974716,"36":4.2245817184,"37":4.4258961678,"38":4.5871315002,"39":4.2649812698,"40":4.1571507454,"41":4.2600917816,"42":4.2269039154,"43":4.3659348488,"44":4.1528706551,"45":4.3098273277,"46":4.2910814285,"47":4.1838126183,"48":4.4588871002,"49":4.1173791885},"PSNR":{"0":19.3179340363,"1":27.379776001,"2":29.7929840088,"3":31.4741306305,"4":31.6086769104,"5":33.4207878113,"6":33.5729141235,"7":33.7381820679,"8":34.0309906006,"9":34.1961021423,"10":35.2531204224,"11":33.928188324,"12":34.5823974609,"13":34.3685913086,"14":34.6436538696,"15":35.0890274048,"16":34.8683624268,"17":35.0732383728,"18":36.516254425,"19":34.2688369751,"20":35.269203186,"21":35.2729873657,"22":35.159866333,"23":35.6881523132,"24":36.8187103271,"25":37.1211585999,"26":35.7262115479,"27":36.3549919128,"28":36.0571174622,"29":35.4409675598,"30":37.0220718384,"31":35.4505004883,"32":35.9276428223,"33":37.231048584,"34":36.865020752,"35":36.503490448,"36":36.2595100403,"37":36.2918968201,"38":35.3910217285,"39":35.6523628235,"40":36.6725769043,"41":36.4904136658,"42":35.1056861877,"43":36.6391639709,"44":37.6897544861,"45":36.473739624,"46":36.6260108948,"47":37.3591079712,"48":36.8004760742,"49":36.4958114624},"val_loss":{"0":4.0810928345,"1":4.3344964981,"2":3.035654068,"3":3.3887486458,"4":1.6939208508,"5":1.7695589066,"6":3.980404377,"7":2.2192308903,"8":1.8798705339,"9":2.2053029537,"10":1.9395552874,"11":1.3338409662,"12":1.6095328331,"13":1.5938812494,"14":1.608399272,"15":1.3728170395,"16":2.0941660404,"17":1.5653892756,"18":1.7058790922,"19":1.476097703,"20":1.6279543638,"21":1.5351030827,"22":2.2544305325,"23":1.8584829569,"24":1.6556382179,"25":1.7234746218,"26":1.4273784161,"27":1.2396745682,"28":1.3970986605,"29":1.4185520411,"30":2.1007127762,"31":1.2362362146,"32":1.293985486,"33":1.2383698225,"34":1.5539397001,"35":1.2980132103,"36":1.2337460518,"37":1.3967639208,"38":1.3367940187,"39":1.2492944002,"40":1.3136349916,"41":1.3108291626,"42":1.2626519203,"43":1.1745239496,"44":1.1709959507,"45":1.1677988768,"46":1.3801349401,"47":1.233489871,"48":2.64656353,"49":1.6055454016},"val_PSNR":{"0":32.6011619568,"1":33.059223175,"2":35.9141807556,"3":35.1489067078,"4":39.9570999146,"5":39.9992980957,"6":34.6233291626,"7":38.9671478271,"8":39.6933021545,"9":39.1254730225,"10":39.8673210144,"11":41.6870193481,"12":40.6842422485,"13":40.7781829834,"14":40.8047409058,"15":41.6623573303,"16":39.2455635071,"17":40.9515228271,"18":40.7621917725,"19":41.3023147583,"20":41.0441474915,"21":41.1344108582,"22":38.4099578857,"23":39.7243919373,"24":40.9238471985,"25":40.5933647156,"26":41.5851593018,"27":42.3159217834,"28":41.7690391541,"29":41.766784668,"30":39.4631881714,"31":42.4033584595,"32":42.2088546753,"33":42.3996772766,"34":40.9978485107,"35":42.2010650635,"36":42.372882843,"37":41.8205947876,"38":42.0834770203,"39":42.3359985352,"40":42.154499054,"41":42.165802002,"42":42.3345298767,"43":42.6929702759,"44":42.5770683289,"45":42.7310371399,"46":41.8691177368,"47":42.5737037659,"48":37.9894104004,"49":41.1669769287},"lr":{"0":0.001,"1":0.001,"2":0.001,"3":0.001,"4":0.001,"5":0.001,"6":0.001,"7":0.001,"8":0.0009048374,"9":0.0009048374,"10":0.0009048374,"11":0.0008187307,"12":0.0008187307,"13":0.0008187307,"14":0.0008187307,"15":0.0007408181,"16":0.0007408181,"17":0.0007408181,"18":0.0006703199,"19":0.0006703199,"20":0.0006703199,"21":0.0006065305,"22":0.0006065305,"23":0.0006065305,"24":0.0005488115,"25":0.0005488115,"26":0.0005488115,"27":0.0004965851,"28":0.0004965851,"29":0.0004965851,"30":0.0004965851,"31":0.0004493287,"32":0.0004493287,"33":0.0004493287,"34":0.0004493287,"35":0.0004065694,"36":0.0004065694,"37":0.0004065694,"38":0.0004065694,"39":0.0004065694,"40":0.0003678792,"41":0.0003678792,"42":0.0003678792,"43":0.0003328708,"44":0.0003328708,"45":0.0003328708,"46":0.0003328708,"47":0.0003328708,"48":0.0003328708,"49":0.000301194}}